"","category","institution","word1","word2","n","date"
"1","Learnings","IKEA Foundation","google","analytics",55,2024-01-18
"2","Programs","IKEA Foundation","google","analytics",40,2024-01-18
"3","Learnings","IKEA Foundation","privacy","settings",33,2024-01-18
"4","Programs","IKEA Foundation","privacy","settings",24,2024-01-18
"5","Learnings","IKEA Foundation","analytics","google",22,2024-01-18
"6","Learnings","IKEA Foundation","external","scripts",22,2024-01-18
"7","Learnings","IKEA Foundation","functionevent","formid",22,2024-01-18
"8","About","IKEA Foundation","google","analytics",20,2024-01-18
"9","Learnings","IKEA Foundation","performance","ladder",18,2024-01-18
"10","Programs","IKEA Foundation","analytics","google",16,2024-01-18
"11","Programs","IKEA Foundation","external","scripts",16,2024-01-18
"12","Programs","IKEA Foundation","functionevent","formid",16,2024-01-18
"13","Programs","IKEA Foundation","renewable","energy",16,2024-01-18
"14","About","IKEA Foundation","privacy","settings",12,2024-01-18
"15","Learnings","IKEA Foundation","ladder","phase",12,2024-01-18
"16","Learnings","IKEA Foundation","agreement","privacy",11,2024-01-18
"17","Learnings","IKEA Foundation","analytics","rnscript",11,2024-01-18
"18","Learnings","IKEA Foundation","analytics","service",11,2024-01-18
"19","Learnings","IKEA Foundation","annual","review",11,2024-01-18
"20","Learnings","IKEA Foundation","brand","enable",11,2024-01-18
"21","Learnings","IKEA Foundation","centerbody","islayoutflex",11,2024-01-18
"22","Learnings","IKEA Foundation","change","cookie",11,2024-01-18
"23","Learnings","IKEA Foundation","cookie","preferences",11,2024-01-18
"24","Learnings","IKEA Foundation","currentpage","currentpage",11,2024-01-18
"25","Learnings","IKEA Foundation","defaults","fields",11,2024-01-18
"26","Learnings","IKEA Foundation","documents","change",11,2024-01-18
"27","Learnings","IKEA Foundation","domain","translations",11,2024-01-18
"28","Learnings","IKEA Foundation","enable","google",11,2024-01-18
"29","Learnings","IKEA Foundation","enables","external",11,2024-01-18
"30","Learnings","IKEA Foundation","experience","enable",11,2024-01-18
"31","Learnings","IKEA Foundation","external","stakeholders",11,2024-01-18
"32","Learnings","IKEA Foundation","formid","fields",11,2024-01-18
"33","Learnings","IKEA Foundation","gflegacy","islegacy",11,2024-01-18
"34","Learnings","IKEA Foundation","google","marketing",11,2024-01-18
"35","Learnings","IKEA Foundation","governance","annual",11,2024-01-18
"36","Learnings","IKEA Foundation","gridbody","islayoutgrid",11,2024-01-18
"37","Learnings","IKEA Foundation","iftypeof","placeholders",11,2024-01-18
"38","Learnings","IKEA Foundation","including","partners",11,2024-01-18
"39","Learnings","IKEA Foundation","learnings","partners",11,2024-01-18
"40","Learnings","IKEA Foundation","localedata","domain",11,2024-01-18
"41","Learnings","IKEA Foundation","manager","google",11,2024-01-18
"42","Learnings","IKEA Foundation","manager","measures",11,2024-01-18
"43","Learnings","IKEA Foundation","manager","privacy",11,2024-01-18
"44","Learnings","IKEA Foundation","manager","rnscript",11,2024-01-18
"45","Learnings","IKEA Foundation","marketing","platform",11,2024-01-18
"46","Learnings","IKEA Foundation","misconduct","visit",11,2024-01-18
"47","Learnings","IKEA Foundation","partners","press",11,2024-01-18
"48","Learnings","IKEA Foundation","placeholders","undefined",11,2024-01-18
"49","Learnings","IKEA Foundation","platform","brand",11,2024-01-18
"50","Learnings","IKEA Foundation","platform","inside",11,2024-01-18
"51","Learnings","IKEA Foundation","preferences","trust",11,2024-01-18
"52","Learnings","IKEA Foundation","press","stories",11,2024-01-18
"53","Learnings","IKEA Foundation","privacy","policy",11,2024-01-18
"54","Learnings","IKEA Foundation","provide","information",11,2024-01-18
"55","Learnings","IKEA Foundation","reject","accept",11,2024-01-18
"56","Learnings","IKEA Foundation","service","offered",11,2024-01-18
"57","Learnings","IKEA Foundation","settings","google",11,2024-01-18
"58","Learnings","IKEA Foundation","settings","privacy",11,2024-01-18
"59","Learnings","IKEA Foundation","settings","reject",11,2024-01-18
"60","Learnings","IKEA Foundation","stakeholders","including",11,2024-01-18
"61","Learnings","IKEA Foundation","development","impact",9,2024-01-18
"62","Learnings","IKEA Foundation","implementing","partner",9,2024-01-18
"63","Learnings","IKEA Foundation","livelihoods","development",9,2024-01-18
"64","Learnings","IKEA Foundation","refugee","livelihoods",9,2024-01-18
"65","Learnings","IKEA Foundation","sustainable","landscape",9,2024-01-18
"66","Programs","IKEA Foundation","climate","action",9,2024-01-18
"67","About","IKEA Foundation","analytics","google",8,2024-01-18
"68","About","IKEA Foundation","external","scripts",8,2024-01-18
"69","About","IKEA Foundation","functionevent","formid",8,2024-01-18
"70","Learnings","IKEA Foundation","business","coalition",8,2024-01-18
"71","Learnings","IKEA Foundation","evaluation","agency",8,2024-01-18
"72","Learnings","IKEA Foundation","evaluation","evaluation",8,2024-01-18
"73","Learnings","IKEA Foundation","livelihoods","programme",8,2024-01-18
"74","Programs","IKEA Foundation","agreement","privacy",8,2024-01-18
"75","Programs","IKEA Foundation","analytics","rnscript",8,2024-01-18
"76","Programs","IKEA Foundation","analytics","service",8,2024-01-18
"77","Programs","IKEA Foundation","annual","review",8,2024-01-18
"78","Programs","IKEA Foundation","brand","enable",8,2024-01-18
"79","Programs","IKEA Foundation","centerbody","islayoutflex",8,2024-01-18
"80","Programs","IKEA Foundation","change","cookie",8,2024-01-18
"81","Programs","IKEA Foundation","cookie","preferences",8,2024-01-18
"82","Programs","IKEA Foundation","currentpage","currentpage",8,2024-01-18
"83","Programs","IKEA Foundation","defaults","fields",8,2024-01-18
"84","Programs","IKEA Foundation","documents","change",8,2024-01-18
"85","Programs","IKEA Foundation","domain","translations",8,2024-01-18
"86","Programs","IKEA Foundation","enable","google",8,2024-01-18
"87","Programs","IKEA Foundation","enables","external",8,2024-01-18
"88","Programs","IKEA Foundation","experience","enable",8,2024-01-18
"89","Programs","IKEA Foundation","external","stakeholders",8,2024-01-18
"90","Programs","IKEA Foundation","formid","fields",8,2024-01-18
"91","Programs","IKEA Foundation","gflegacy","islegacy",8,2024-01-18
"92","Programs","IKEA Foundation","google","marketing",8,2024-01-18
"93","Programs","IKEA Foundation","governance","annual",8,2024-01-18
"94","Programs","IKEA Foundation","gridbody","islayoutgrid",8,2024-01-18
"95","Programs","IKEA Foundation","iftypeof","placeholders",8,2024-01-18
"96","Programs","IKEA Foundation","including","partners",8,2024-01-18
"97","Programs","IKEA Foundation","learnings","partners",8,2024-01-18
"98","Programs","IKEA Foundation","localedata","domain",8,2024-01-18
"99","Programs","IKEA Foundation","manager","google",8,2024-01-18
"100","Programs","IKEA Foundation","manager","measures",8,2024-01-18
"101","Programs","IKEA Foundation","manager","privacy",8,2024-01-18
"102","Programs","IKEA Foundation","manager","rnscript",8,2024-01-18
"103","Programs","IKEA Foundation","marketing","platform",8,2024-01-18
"104","Programs","IKEA Foundation","misconduct","visit",8,2024-01-18
"105","Programs","IKEA Foundation","partners","press",8,2024-01-18
"106","Programs","IKEA Foundation","placeholders","undefined",8,2024-01-18
"107","Programs","IKEA Foundation","platform","brand",8,2024-01-18
"108","Programs","IKEA Foundation","platform","inside",8,2024-01-18
"109","Programs","IKEA Foundation","preferences","trust",8,2024-01-18
"110","Programs","IKEA Foundation","press","stories",8,2024-01-18
"111","Programs","IKEA Foundation","privacy","policy",8,2024-01-18
"112","Programs","IKEA Foundation","provide","information",8,2024-01-18
"113","Programs","IKEA Foundation","reject","accept",8,2024-01-18
"114","Programs","IKEA Foundation","service","offered",8,2024-01-18
"115","Programs","IKEA Foundation","settings","google",8,2024-01-18
"116","Programs","IKEA Foundation","settings","privacy",8,2024-01-18
"117","Programs","IKEA Foundation","settings","reject",8,2024-01-18
"118","Programs","IKEA Foundation","stakeholders","including",8,2024-01-18
"119","About","IKEA Foundation","ingka","foundation",7,2024-01-18
"120","Learnings","IKEA Foundation","based","targets",7,2024-01-18
"121","Learnings","IKEA Foundation","mount","kenya",7,2024-01-18
"122","Programs","IKEA Foundation","related","articles",7,2024-01-18
"123","About","IKEA Foundation","climate","change",6,2024-01-18
"124","Learnings","IKEA Foundation","kenya","sustainable",6,2024-01-18
"125","Learnings","IKEA Foundation","targets","initiative",6,2024-01-18
"126","Programs","IKEA Foundation","climate","change",6,2024-01-18
"127","Programs","IKEA Foundation","sustainable","livelihoods",6,2024-01-18
"128","About","IKEA Foundation","charitable","purpose",5,2024-01-18
"129","About","IKEA Foundation","stakeholders","including",5,2024-01-18
"130","Grantmaking","IKEA Foundation","google","analytics",5,2024-01-18
"131","Learnings","IKEA Foundation","jordan","refugee",5,2024-01-18
"132","Learnings","IKEA Foundation","science","based",5,2024-01-18
"133","People","IKEA Foundation","google","analytics",5,2024-01-18
"134","Programs","IKEA Foundation","agricultural","livelihoods",5,2024-01-18
"135","Programs","IKEA Foundation","emergency","response",5,2024-01-18
"136","Programs","IKEA Foundation","refugee","livelihoods",5,2024-01-18
"137","About","IKEA Foundation","agreement","privacy",4,2024-01-18
"138","About","IKEA Foundation","analytics","rnscript",4,2024-01-18
"139","About","IKEA Foundation","analytics","service",4,2024-01-18
"140","About","IKEA Foundation","annual","review",4,2024-01-18
"141","About","IKEA Foundation","brand","enable",4,2024-01-18
"142","About","IKEA Foundation","centerbody","islayoutflex",4,2024-01-18
"143","About","IKEA Foundation","change","cookie",4,2024-01-18
"144","About","IKEA Foundation","cookie","preferences",4,2024-01-18
"145","About","IKEA Foundation","currentpage","currentpage",4,2024-01-18
"146","About","IKEA Foundation","defaults","fields",4,2024-01-18
"147","About","IKEA Foundation","documents","change",4,2024-01-18
"148","About","IKEA Foundation","domain","translations",4,2024-01-18
"149","About","IKEA Foundation","enable","google",4,2024-01-18
"150","About","IKEA Foundation","enables","external",4,2024-01-18
"151","About","IKEA Foundation","experience","enable",4,2024-01-18
"152","About","IKEA Foundation","external","stakeholders",4,2024-01-18
"153","About","IKEA Foundation","formid","fields",4,2024-01-18
"154","About","IKEA Foundation","gflegacy","islegacy",4,2024-01-18
"155","About","IKEA Foundation","google","marketing",4,2024-01-18
"156","About","IKEA Foundation","governance","annual",4,2024-01-18
"157","About","IKEA Foundation","gridbody","islayoutgrid",4,2024-01-18
"158","About","IKEA Foundation","iftypeof","placeholders",4,2024-01-18
"159","About","IKEA Foundation","including","partners",4,2024-01-18
"160","About","IKEA Foundation","ingvar","kamprad",4,2024-01-18
"161","About","IKEA Foundation","learnings","partners",4,2024-01-18
"162","About","IKEA Foundation","localedata","domain",4,2024-01-18
"163","About","IKEA Foundation","manager","google",4,2024-01-18
"164","About","IKEA Foundation","manager","measures",4,2024-01-18
"165","About","IKEA Foundation","manager","privacy",4,2024-01-18
"166","About","IKEA Foundation","manager","rnscript",4,2024-01-18
"167","About","IKEA Foundation","marketing","platform",4,2024-01-18
"168","About","IKEA Foundation","misconduct","visit",4,2024-01-18
"169","About","IKEA Foundation","partners","press",4,2024-01-18
"170","About","IKEA Foundation","placeholders","undefined",4,2024-01-18
"171","About","IKEA Foundation","platform","brand",4,2024-01-18
"172","About","IKEA Foundation","platform","inside",4,2024-01-18
"173","About","IKEA Foundation","preferences","trust",4,2024-01-18
"174","About","IKEA Foundation","press","stories",4,2024-01-18
"175","About","IKEA Foundation","privacy","policy",4,2024-01-18
"176","About","IKEA Foundation","provide","information",4,2024-01-18
"177","About","IKEA Foundation","reject","accept",4,2024-01-18
"178","About","IKEA Foundation","service","offered",4,2024-01-18
"179","About","IKEA Foundation","settings","google",4,2024-01-18
"180","About","IKEA Foundation","settings","privacy",4,2024-01-18
"181","About","IKEA Foundation","settings","reject",4,2024-01-18
"182","Grantmaking","IKEA Foundation","total","amount",4,2024-01-18
"183","Grantmaking","IKEA Foundation","united","nations",4,2024-01-18
"184","Learnings","IKEA Foundation","existing","evidence",4,2024-01-18
"185","Programs","IKEA Foundation","emissions","reduction",4,2024-01-18
"186","Programs","IKEA Foundation","initiatives","emergency",4,2024-01-18
"187","Programs","IKEA Foundation","solar","power",4,2024-01-18
"188","Programs","IKEA Foundation","special","initiatives",4,2024-01-18
"189","About","IKEA Foundation","ethical","framework",3,2024-01-18
"190","About","IKEA Foundation","foundation","board",3,2024-01-18
"191","Grantmaking","IKEA Foundation","global","programs",3,2024-01-18
"192","Grantmaking","IKEA Foundation","privacy","settings",3,2024-01-18
"193","Learnings","IKEA Foundation","climate","action",3,2024-01-18
"194","Learnings","IKEA Foundation","refugee","studies",3,2024-01-18
"195","Learnings","IKEA Foundation","studies","centre",3,2024-01-18
"196","People","IKEA Foundation","privacy","settings",3,2024-01-18
"197","Programs","IKEA Foundation","communities","adapt",3,2024-01-18
"198","Programs","IKEA Foundation","economic","selfreliance",3,2024-01-18
"199","Programs","IKEA Foundation","livelihoods","refugee",3,2024-01-18
"200","Programs","IKEA Foundation","people","living",3,2024-01-18
"201","Programs","IKEA Foundation","refugee","agency",3,2024-01-18
"202","Programs","IKEA Foundation","refugee","camps",3,2024-01-18
"203","Programs","IKEA Foundation","street","lights",3,2024-01-18
"204","Programs","IKEA Foundation","vulnerable","communities",3,2024-01-18
"205","About","IKEA Foundation","biggest","threats",2,2024-01-18
"206","About","IKEA Foundation","climate","action",2,2024-01-18
"207","About","IKEA Foundation","foundation","achieves",2,2024-01-18
"208","About","IKEA Foundation","foundation","ethical",2,2024-01-18
"209","About","IKEA Foundation","strategic","philanthropy",2,2024-01-18
"210","About","IKEA Foundation","sustainable","livelihoods",2,2024-01-18
"211","About","IKEA Foundation","vulnerable","communities",2,2024-01-18
"212","Grantmaking","IKEA Foundation","accounting","financials",2,2024-01-18
"213","Grantmaking","IKEA Foundation","analytics","google",2,2024-01-18
"214","Grantmaking","IKEA Foundation","climate","change",2,2024-01-18
"215","Grantmaking","IKEA Foundation","climate","foundation",2,2024-01-18
"216","Grantmaking","IKEA Foundation","external","scripts",2,2024-01-18
"217","Grantmaking","IKEA Foundation","foundation","european",2,2024-01-18
"218","Grantmaking","IKEA Foundation","functionevent","formid",2,2024-01-18
"219","Grantmaking","IKEA Foundation","global","alliance",2,2024-01-18
"220","Grantmaking","IKEA Foundation","global","development",2,2024-01-18
"221","Grantmaking","IKEA Foundation","resources","institute",2,2024-01-18
"222","Grantmaking","IKEA Foundation","special","initiatives",2,2024-01-18
"223","Learnings","IKEA Foundation","business","skaothe",2,2024-01-18
"224","Learnings","IKEA Foundation","carbon","emissions",2,2024-01-18
"225","Learnings","IKEA Foundation","carbon","management",2,2024-01-18
"226","Learnings","IKEA Foundation","certificate","companies",2,2024-01-18
"227","Learnings","IKEA Foundation","certificate","receive",2,2024-01-18
"228","Learnings","IKEA Foundation","climate","friendly",2,2024-01-18
"229","Learnings","IKEA Foundation","commission","independent",2,2024-01-18
"230","Learnings","IKEA Foundation","economic","empowerment",2,2024-01-18
"231","Learnings","IKEA Foundation","economically","empower",2,2024-01-18
"232","Learnings","IKEA Foundation","evaluation","report",2,2024-01-18
"233","Learnings","IKEA Foundation","foundation","commissioned",2,2024-01-18
"234","Learnings","IKEA Foundation","friendly","procurement",2,2024-01-18
"235","Learnings","IKEA Foundation","grant","renewal",2,2024-01-18
"236","Learnings","IKEA Foundation","helps","organisations",2,2024-01-18
"237","Learnings","IKEA Foundation","independent","evaluations",2,2024-01-18
"238","Learnings","IKEA Foundation","investments","evaluations",2,2024-01-18
"239","Learnings","IKEA Foundation","learnings","archive",2,2024-01-18
"240","Learnings","IKEA Foundation","learnings","learning",2,2024-01-18
"241","Learnings","IKEA Foundation","management","system",2,2024-01-18
"242","Learnings","IKEA Foundation","million","women",2,2024-01-18
"243","Learnings","IKEA Foundation","organisations","reduce",2,2024-01-18
"244","Learnings","IKEA Foundation","oxford","undertook",2,2024-01-18
"245","Learnings","IKEA Foundation","participants","economic",2,2024-01-18
"246","Learnings","IKEA Foundation","payment","metrics",2,2024-01-18
"247","Learnings","IKEA Foundation","priorities","operation",2,2024-01-18
"248","Learnings","IKEA Foundation","private","sector",2,2024-01-18
"249","Learnings","IKEA Foundation","programmatic","priorities",2,2024-01-18
"250","Learnings","IKEA Foundation","programme","strategy",2,2024-01-18
"251","Learnings","IKEA Foundation","provide","insight",2,2024-01-18
"252","Learnings","IKEA Foundation","provide","insights",2,2024-01-18
"253","Learnings","IKEA Foundation","rainforest","alliance",2,2024-01-18
"254","Learnings","IKEA Foundation","refugee","agency",2,2024-01-18
"255","Learnings","IKEA Foundation","regenerative","agriculture",2,2024-01-18
"256","Learnings","IKEA Foundation","retrospective","evaluation",2,2024-01-18
"257","Learnings","IKEA Foundation","shareaction","shareaction",2,2024-01-18
"258","Learnings","IKEA Foundation","smallholder","farmers",2,2024-01-18
"259","Learnings","IKEA Foundation","stories","learnings",2,2024-01-18
"260","Learnings","IKEA Foundation","strategy","governance",2,2024-01-18
"261","Learnings","IKEA Foundation","tendering","process",2,2024-01-18
"262","Learnings","IKEA Foundation","united","nations",2,2024-01-18
"263","Learnings","IKEA Foundation","university","research",2,2024-01-18
"264","Learnings","IKEA Foundation","wageningen","university",2,2024-01-18
"265","People","IKEA Foundation","analytics","google",2,2024-01-18
"266","People","IKEA Foundation","external","scripts",2,2024-01-18
"267","People","IKEA Foundation","functionevent","formid",2,2024-01-18
"268","People","IKEA Foundation","programmes","director",2,2024-01-18
"269","Programs","IKEA Foundation","achieve","economic",2,2024-01-18
"270","Programs","IKEA Foundation","address","growing",2,2024-01-18
"271","Programs","IKEA Foundation","articles","changemakers",2,2024-01-18
"272","Programs","IKEA Foundation","build","sustainable",2,2024-01-18
"273","Programs","IKEA Foundation","climate","issues",2,2024-01-18
"274","Programs","IKEA Foundation","critical","climate",2,2024-01-18
"275","Programs","IKEA Foundation","displaced","people",2,2024-01-18
"276","Programs","IKEA Foundation","drastically","reducing",2,2024-01-18
"277","Programs","IKEA Foundation","energy","renewable",2,2024-01-18
"278","Programs","IKEA Foundation","environmental","challenges",2,2024-01-18
"279","Programs","IKEA Foundation","environmental","damage",2,2024-01-18
"280","Programs","IKEA Foundation","foundation","commits",2,2024-01-18
"281","Programs","IKEA Foundation","foundation","supports",2,2024-01-18
"282","Programs","IKEA Foundation","generate","renewable",2,2024-01-18
"283","Programs","IKEA Foundation","growing","critical",2,2024-01-18
"284","Programs","IKEA Foundation","health","facilities",2,2024-01-18
"285","Programs","IKEA Foundation","health","systems",2,2024-01-18
"286","Programs","IKEA Foundation","helping","displaced",2,2024-01-18
"287","Programs","IKEA Foundation","helping","families",2,2024-01-18
"288","Programs","IKEA Foundation","helping","people",2,2024-01-18
"289","Programs","IKEA Foundation","helping","refugees",2,2024-01-18
"290","Programs","IKEA Foundation","helping","vulnerable",2,2024-01-18
"291","Programs","IKEA Foundation","kalkeri","sangeet",2,2024-01-18
"292","Programs","IKEA Foundation","meaningful","livelihoods",2,2024-01-18
"293","Programs","IKEA Foundation","million","people",2,2024-01-18
"294","Programs","IKEA Foundation","people","build",2,2024-01-18
"295","Programs","IKEA Foundation","people","rebuild",2,2024-01-18
"296","Programs","IKEA Foundation","planet","related",2,2024-01-18
"297","Programs","IKEA Foundation","power","technology",2,2024-01-18
"298","Programs","IKEA Foundation","powering","communities",2,2024-01-18
"299","Programs","IKEA Foundation","provide","employment",2,2024-01-18
"300","Programs","IKEA Foundation","public","health",2,2024-01-18
"301","Programs","IKEA Foundation","reducing","greenhouse",2,2024-01-18
"302","Programs","IKEA Foundation","refugees","achieve",2,2024-01-18
"303","Programs","IKEA Foundation","sangeet","vidyalaya",2,2024-01-18
"304","Programs","IKEA Foundation","selco","foundation",2,2024-01-18
"305","Programs","IKEA Foundation","smallholder","farmers",2,2024-01-18
"306","Programs","IKEA Foundation","solar","street",2,2024-01-18
"307","Programs","IKEA Foundation","transforming","public",2,2024-01-18
"308","Programs","IKEA Foundation","vidyalaya","school",2,2024-01-18
"309","About","IKEA Foundation","accept","unsolicited",1,2024-01-18
"310","About","IKEA Foundation","action","programmes",1,2024-01-18
"311","About","IKEA Foundation","alivethe","board",1,2024-01-18
"312","About","IKEA Foundation","anders","moberg",1,2024-01-18
"313","About","IKEA Foundation","annual","progress",1,2024-01-18
"314","About","IKEA Foundation","appropriately","address",1,2024-01-18
"315","About","IKEA Foundation","approval","authority",1,2024-01-18
"316","About","IKEA Foundation","approve","grants",1,2024-01-18
"317","About","IKEA Foundation","assets","incorporating",1,2024-01-18
"318","About","IKEA Foundation","azraq","refugee",1,2024-01-18
"319","About","IKEA Foundation","baseline","setting",1,2024-01-18
"320","About","IKEA Foundation","belgaum","karnataka",1,2024-01-18
"321","About","IKEA Foundation","biggest","impact",1,2024-01-18
"322","About","IKEA Foundation","billion","granted",1,2024-01-18
"323","About","IKEA Foundation","billion","pledged",1,2024-01-18
"324","About","IKEA Foundation","board","grant",1,2024-01-18
"325","About","IKEA Foundation","bodies","decide",1,2024-01-18
"326","About","IKEA Foundation","bribery","harassment",1,2024-01-18
"327","About","IKEA Foundation","brighter","future",1,2024-01-18
"328","About","IKEA Foundation","build","evidence",1,2024-01-18
"329","About","IKEA Foundation","build","sustainable",1,2024-01-18
"330","About","IKEA Foundation","central","india",1,2024-01-18
"331","About","IKEA Foundation","chairperson","jonas",1,2024-01-18
"332","About","IKEA Foundation","change","learn",1,2024-01-18
"333","About","IKEA Foundation","charitable","programmes",1,2024-01-18
"334","About","IKEA Foundation","charitable","purposeimas",1,2024-01-18
"335","About","IKEA Foundation","children","living",1,2024-01-18
"336","About","IKEA Foundation","children","playing",1,2024-01-18
"337","About","IKEA Foundation","climate","changesince",1,2024-01-18
"338","About","IKEA Foundation","communities","adapt",1,2024-01-18
"339","About","IKEA Foundation","communities","affected",1,2024-01-18
"340","About","IKEA Foundation","communities","create",1,2024-01-18
"341","About","IKEA Foundation","communities","impacted",1,2024-01-18
"342","About","IKEA Foundation","company","culture",1,2024-01-18
"343","About","IKEA Foundation","concept","notes",1,2024-01-18
"344","About","IKEA Foundation","confidential","reporting",1,2024-01-18
"345","About","IKEA Foundation","corporate","governance",1,2024-01-18
"346","About","IKEA Foundation","corruption","bribery",1,2024-01-18
"347","About","IKEA Foundation","create","opportunities",1,2024-01-18
"348","About","IKEA Foundation","create","relationships",1,2024-01-18
"349","About","IKEA Foundation","create","sustainable",1,2024-01-18
"350","About","IKEA Foundation","creating","longterm",1,2024-01-18
"351","About","IKEA Foundation","current","mission",1,2024-01-18
"352","About","IKEA Foundation","deeprooted","challenges",1,2024-01-18
"353","About","IKEA Foundation","degraded","landscape",1,2024-01-18
"354","About","IKEA Foundation","detailed","programme",1,2024-01-18
"355","About","IKEA Foundation","directors","decided",1,2024-01-18
"356","About","IKEA Foundation","disadvantage","report",1,2024-01-18
"357","About","IKEA Foundation","displaced","people",1,2024-01-18
"358","About","IKEA Foundation","drastically","reduce",1,2024-01-18
"359","About","IKEA Foundation","driven","approach",1,2024-01-18
"360","About","IKEA Foundation","eastern","india",1,2024-01-18
"361","About","IKEA Foundation","efficiency","impact",1,2024-01-18
"362","About","IKEA Foundation","emergency","relief",1,2024-01-18
"363","About","IKEA Foundation","emergency","situations",1,2024-01-18
"364","About","IKEA Foundation","enable","families",1,2024-01-18
"365","About","IKEA Foundation","enable","people",1,2024-01-18
"366","About","IKEA Foundation","energy","alliance",1,2024-01-18
"367","About","IKEA Foundation","energy","planet",1,2024-01-18
"368","About","IKEA Foundation","engages","actively",1,2024-01-18
"369","About","IKEA Foundation","ensure","effective",1,2024-01-18
"370","About","IKEA Foundation","families","afford",1,2024-01-18
"371","About","IKEA Foundation","families","living",1,2024-01-18
"372","About","IKEA Foundation","farming","community",1,2024-01-18
"373","About","IKEA Foundation","farming","programme",1,2024-01-18
"374","About","IKEA Foundation","fields","applying",1,2024-01-18
"375","About","IKEA Foundation","financial","assets",1,2024-01-18
"376","About","IKEA Foundation","financially","supporting",1,2024-01-18
"377","About","IKEA Foundation","finite","resources",1,2024-01-18
"378","About","IKEA Foundation","foundation","ingka",1,2024-01-18
"379","About","IKEA Foundation","foundation","initially",1,2024-01-18
"380","About","IKEA Foundation","foundation","receives",1,2024-01-18
"381","About","IKEA Foundation","foundation","specialises",1,2024-01-18
"382","About","IKEA Foundation","foundations","ingka",1,2024-01-18
"383","About","IKEA Foundation","foundations","ingvar",1,2024-01-18
"384","About","IKEA Foundation","foundations","share",1,2024-01-18
"385","About","IKEA Foundation","founder","ingvar",1,2024-01-18
"386","About","IKEA Foundation","future","farming",1,2024-01-18
"387","About","IKEA Foundation","future","programmes",1,2024-01-18
"388","About","IKEA Foundation","futures","poverty",1,2024-01-18
"389","About","IKEA Foundation","global","climate",1,2024-01-18
"390","About","IKEA Foundation","global","emissions",1,2024-01-18
"391","About","IKEA Foundation","global","energy",1,2024-01-18
"392","About","IKEA Foundation","grant","approval",1,2024-01-18
"393","About","IKEA Foundation","grant","approximately",1,2024-01-18
"394","About","IKEA Foundation","healthy","planet",1,2024-01-18
"395","About","IKEA Foundation","healthy","planetingvar",1,2024-01-18
"396","About","IKEA Foundation","helping","families",1,2024-01-18
"397","About","IKEA Foundation","helping","vulnerable",1,2024-01-18
"398","About","IKEA Foundation","highemitting","countries",1,2024-01-18
"399","About","IKEA Foundation","honesty","openness",1,2024-01-18
"400","About","IKEA Foundation","independent","legal",1,2024-01-18
"401","About","IKEA Foundation","india","brazil",1,2024-01-18
"402","About","IKEA Foundation","india","sharmauttar",1,2024-01-18
"403","About","IKEA Foundation","ingvar","expanded",1,2024-01-18
"404","About","IKEA Foundation","initially","focused",1,2024-01-18
"405","About","IKEA Foundation","integrated","phoneweb",1,2024-01-18
"406","About","IKEA Foundation","internal","committees",1,2024-01-18
"407","About","IKEA Foundation","internal","management",1,2024-01-18
"408","About","IKEA Foundation","investment","decisions",1,2024-01-18
"409","About","IKEA Foundation","johan","kuylenstierna",1,2024-01-18
"410","About","IKEA Foundation","jonas","kamprad",1,2024-01-18
"411","About","IKEA Foundation","kamprad","decided",1,2024-01-18
"412","About","IKEA Foundation","kamprad","found",1,2024-01-18
"413","About","IKEA Foundation","kamprad","krister",1,2024-01-18
"414","About","IKEA Foundation","karnataka","province",1,2024-01-18
"415","About","IKEA Foundation","knowledge","sharing",1,2024-01-18
"416","About","IKEA Foundation","knowledgeable","innovative",1,2024-01-18
"417","About","IKEA Foundation","krister","mattsson",1,2024-01-18
"418","About","IKEA Foundation","kuylenstierna","chairperson",1,2024-01-18
"419","About","IKEA Foundation","legal","entity",1,2024-01-18
"420","About","IKEA Foundation","local","villagers",1,2024-01-18
"421","About","IKEA Foundation","longterm","ongoing",1,2024-01-18
"422","About","IKEA Foundation","longterm","ownership",1,2024-01-18
"423","About","IKEA Foundation","longterm","returns",1,2024-01-18
"424","About","IKEA Foundation","maasai","women",1,2024-01-18
"425","About","IKEA Foundation","management","committees",1,2024-01-18
"426","About","IKEA Foundation","manner","concept",1,2024-01-18
"427","About","IKEA Foundation","mattsson","peter",1,2024-01-18
"428","About","IKEA Foundation","measure","annual",1,2024-01-18
"429","About","IKEA Foundation","misconduct","misconduct",1,2024-01-18
"430","About","IKEA Foundation","misconduct","related",1,2024-01-18
"431","About","IKEA Foundation","moberg","johan",1,2024-01-18
"432","About","IKEA Foundation","national","governments",1,2024-01-18
"433","About","IKEA Foundation","negative","effects",1,2024-01-18
"434","About","IKEA Foundation","north","america",1,2024-01-18
"435","About","IKEA Foundation","ongoing","support",1,2024-01-18
"436","About","IKEA Foundation","openness","trust",1,2024-01-18
"437","About","IKEA Foundation","operating","principles",1,2024-01-18
"438","About","IKEA Foundation","operational","efficiency",1,2024-01-18
"439","About","IKEA Foundation","original","intentions",1,2024-01-18
"440","About","IKEA Foundation","ownership","independence",1,2024-01-18
"441","About","IKEA Foundation","partners","supported",1,2024-01-18
"442","About","IKEA Foundation","people","children",1,2024-01-18
"443","About","IKEA Foundation","people","involved",1,2024-01-18
"444","About","IKEA Foundation","performance","indicators",1,2024-01-18
"445","About","IKEA Foundation","peter","kamprad",1,2024-01-18
"446","About","IKEA Foundation","pilot","projects",1,2024-01-18
"447","About","IKEA Foundation","planet","discusses",1,2024-01-18
"448","About","IKEA Foundation","planet","recognising",1,2024-01-18
"449","About","IKEA Foundation","positive","decision",1,2024-01-18
"450","About","IKEA Foundation","poverty","climate",1,2024-01-18
"451","About","IKEA Foundation","pradesh","india",1,2024-01-18
"452","About","IKEA Foundation","programme","achievement",1,2024-01-18
"453","About","IKEA Foundation","programme","objectives",1,2024-01-18
"454","About","IKEA Foundation","programme","proposal",1,2024-01-18
"455","About","IKEA Foundation","programmes","enabled",1,2024-01-18
"456","About","IKEA Foundation","programmes","focusing",1,2024-01-18
"457","About","IKEA Foundation","programmes","managed",1,2024-01-18
"458","About","IKEA Foundation","promoting","longterm",1,2024-01-18
"459","About","IKEA Foundation","proposal","focused",1,2024-01-18
"460","About","IKEA Foundation","proposed","programmes",1,2024-01-18
"461","About","IKEA Foundation","protection","regulations",1,2024-01-18
"462","About","IKEA Foundation","providing","funding",1,2024-01-18
"463","About","IKEA Foundation","province","india",1,2024-01-18
"464","About","IKEA Foundation","purpose","driven",1,2024-01-18
"465","About","IKEA Foundation","purposeimas","foundation",1,2024-01-18
"466","About","IKEA Foundation","received","dividends",1,2024-01-18
"467","About","IKEA Foundation","reduce","global",1,2024-01-18
"468","About","IKEA Foundation","reduce","greenhouse",1,2024-01-18
"469","About","IKEA Foundation","regenerative","agriculture",1,2024-01-18
"470","About","IKEA Foundation","regions","including",1,2024-01-18
"471","About","IKEA Foundation","relationships","based",1,2024-01-18
"472","About","IKEA Foundation","renewable","energy",1,2024-01-18
"473","About","IKEA Foundation","report","misconduct",1,2024-01-18
"474","About","IKEA Foundation","reporting","requirements",1,2024-01-18
"475","About","IKEA Foundation","require","development",1,2024-01-18
"476","About","IKEA Foundation","responsible","grant",1,2024-01-18
"477","About","IKEA Foundation","responsible","manner",1,2024-01-18
"478","About","IKEA Foundation","retail","business",1,2024-01-18
"479","About","IKEA Foundation","rigorous","reporting",1,2024-01-18
"480","About","IKEA Foundation","school","supports",1,2024-01-18
"481","About","IKEA Foundation","secure","longevity",1,2024-01-18
"482","About","IKEA Foundation","separate","corporate",1,2024-01-18
"483","About","IKEA Foundation","separate","daytoday",1,2024-01-18
"484","About","IKEA Foundation","setting","programme",1,2024-01-18
"485","About","IKEA Foundation","simplicity","renew",1,2024-01-18
"486","About","IKEA Foundation","solar","installation",1,2024-01-18
"487","About","IKEA Foundation","speakup","system",1,2024-01-18
"488","About","IKEA Foundation","stores","globally",1,2024-01-18
"489","About","IKEA Foundation","stories","funding",1,2024-01-18
"490","About","IKEA Foundation","stories","values",1,2024-01-18
"491","About","IKEA Foundation","strictest","confidence",1,2024-01-18
"492","About","IKEA Foundation","support","charitable",1,2024-01-18
"493","About","IKEA Foundation","support","global",1,2024-01-18
"494","About","IKEA Foundation","support","pilot",1,2024-01-18
"495","About","IKEA Foundation","support","programmes",1,2024-01-18
"496","About","IKEA Foundation","supporting","ingka",1,2024-01-18
"497","About","IKEA Foundation","syrian","refugees",1,2024-01-18
"498","About","IKEA Foundation","tackling","poverty",1,2024-01-18
"499","About","IKEA Foundation","togetherness","caring",1,2024-01-18
"500","About","IKEA Foundation","tolerate","misconduct",1,2024-01-18
"501","About","IKEA Foundation","tolerate","negative",1,2024-01-18
"502","About","IKEA Foundation","transform","systems",1,2024-01-18
"503","About","IKEA Foundation","transparent","collaboration",1,2024-01-18
"504","About","IKEA Foundation","ultimate","programme",1,2024-01-18
"505","About","IKEA Foundation","underpin","poverty",1,2024-01-18
"506","About","IKEA Foundation","unique","company",1,2024-01-18
"507","About","IKEA Foundation","unlawful","behaviour",1,2024-01-18
"508","About","IKEA Foundation","unrestricted","funding",1,2024-01-18
"509","About","IKEA Foundation","unseen","disasters",1,2024-01-18
"510","About","IKEA Foundation","unseen","emergencies",1,2024-01-18
"511","About","IKEA Foundation","unsolicited","proposals",1,2024-01-18
"512","About","IKEA Foundation","uttar","pradesh",1,2024-01-18
"513","About","IKEA Foundation","values","commonland",1,2024-01-18
"514","About","IKEA Foundation","values","developed",1,2024-01-18
"515","About","IKEA Foundation","values","togetherness",1,2024-01-18
"516","About","IKEA Foundation","varanasi","district",1,2024-01-18
"517","About","IKEA Foundation","vulnerable","families",1,2024-01-18
"518","About","IKEA Foundation","wellregarded","organisations",1,2024-01-18
"519","About","IKEA Foundation","women","regreening",1,2024-01-18
"520","About","IKEA Foundation","worldby","setting",1,2024-01-18
"521","Grantmaking","IKEA Foundation","aceli","africa",1,2024-01-18
"522","Grantmaking","IKEA Foundation","action","emissions",1,2024-01-18
"523","Grantmaking","IKEA Foundation","action","instituto",1,2024-01-18
"524","Grantmaking","IKEA Foundation","action","pradan",1,2024-01-18
"525","Grantmaking","IKEA Foundation","acumen","adelphi",1,2024-01-18
"526","Grantmaking","IKEA Foundation","adelphi","african",1,2024-01-18
"527","Grantmaking","IKEA Foundation","advancement","committee",1,2024-01-18
"528","Grantmaking","IKEA Foundation","africa","acumen",1,2024-01-18
"529","Grantmaking","IKEA Foundation","africa","private",1,2024-01-18
"530","Grantmaking","IKEA Foundation","african","climate",1,2024-01-18
"531","Grantmaking","IKEA Foundation","agency","unicef",1,2024-01-18
"532","Grantmaking","IKEA Foundation","agreement","privacy",1,2024-01-18
"533","Grantmaking","IKEA Foundation","agricultural","livelihoods",1,2024-01-18
"534","Grantmaking","IKEA Foundation","agricultural","organisation",1,2024-01-18
"535","Grantmaking","IKEA Foundation","alliance","reach",1,2024-01-18
"536","Grantmaking","IKEA Foundation","alliance","world",1,2024-01-18
"537","Grantmaking","IKEA Foundation","american","friends",1,2024-01-18
"538","Grantmaking","IKEA Foundation","analytics","climate",1,2024-01-18
"539","Grantmaking","IKEA Foundation","analytics","rnscript",1,2024-01-18
"540","Grantmaking","IKEA Foundation","analytics","service",1,2024-01-18
"541","Grantmaking","IKEA Foundation","annual","review",1,2024-01-18
"542","Grantmaking","IKEA Foundation","aspen","institute",1,2024-01-18
"543","Grantmaking","IKEA Foundation","bangladesh","rural",1,2024-01-18
"544","Grantmaking","IKEA Foundation","bangladesh","youth",1,2024-01-18
"545","Grantmaking","IKEA Foundation","benchmarking","alliance",1,2024-01-18
"546","Grantmaking","IKEA Foundation","biodiversity","accounting",1,2024-01-18
"547","Grantmaking","IKEA Foundation","biovision","foundation",1,2024-01-18
"548","Grantmaking","IKEA Foundation","brand","enable",1,2024-01-18
"549","Grantmaking","IKEA Foundation","breakthrough","climate",1,2024-01-18
"550","Grantmaking","IKEA Foundation","building","council",1,2024-01-18
"551","Grantmaking","IKEA Foundation","bureau","access",1,2024-01-18
"552","Grantmaking","IKEA Foundation","business","coalition",1,2024-01-18
"553","Grantmaking","IKEA Foundation","business","donation",1,2024-01-18
"554","Grantmaking","IKEA Foundation","carbon","accounting",1,2024-01-18
"555","Grantmaking","IKEA Foundation","carbon","trust",1,2024-01-18
"556","Grantmaking","IKEA Foundation","carnegie","council",1,2024-01-18
"557","Grantmaking","IKEA Foundation","centerbody","islayoutflex",1,2024-01-18
"558","Grantmaking","IKEA Foundation","centre","kepler",1,2024-01-18
"559","Grantmaking","IKEA Foundation","centre","sunfunder",1,2024-01-18
"560","Grantmaking","IKEA Foundation","change","cookie",1,2024-01-18
"561","Grantmaking","IKEA Foundation","change","unfccc",1,2024-01-18
"562","Grantmaking","IKEA Foundation","chatham","house",1,2024-01-18
"563","Grantmaking","IKEA Foundation","child","forum",1,2024-01-18
"564","Grantmaking","IKEA Foundation","children","seeds",1,2024-01-18
"565","Grantmaking","IKEA Foundation","clasp","clean",1,2024-01-18
"566","Grantmaking","IKEA Foundation","climate","action",1,2024-01-18
"567","Grantmaking","IKEA Foundation","climate","analytics",1,2024-01-18
"568","Grantmaking","IKEA Foundation","climate","breakthrough",1,2024-01-18
"569","Grantmaking","IKEA Foundation","climate","emergency",1,2024-01-18
"570","Grantmaking","IKEA Foundation","climate","engagement",1,2024-01-18
"571","Grantmaking","IKEA Foundation","climate","friendly",1,2024-01-18
"572","Grantmaking","IKEA Foundation","climate","innovation",1,2024-01-18
"573","Grantmaking","IKEA Foundation","climate","justice",1,2024-01-18
"574","Grantmaking","IKEA Foundation","climate","outreach",1,2024-01-18
"575","Grantmaking","IKEA Foundation","climate","policy",1,2024-01-18
"576","Grantmaking","IKEA Foundation","climateworks","foundation",1,2024-01-18
"577","Grantmaking","IKEA Foundation","closed","grants",1,2024-01-18
"578","Grantmaking","IKEA Foundation","closely","connected",1,2024-01-18
"579","Grantmaking","IKEA Foundation","coimpact","commonland",1,2024-01-18
"580","Grantmaking","IKEA Foundation","committee","international",1,2024-01-18
"581","Grantmaking","IKEA Foundation","commonland","council",1,2024-01-18
"582","Grantmaking","IKEA Foundation","continue","learning",1,2024-01-18
"583","Grantmaking","IKEA Foundation","cookie","preferences",1,2024-01-18
"584","Grantmaking","IKEA Foundation","corporation","international",1,2024-01-18
"585","Grantmaking","IKEA Foundation","council","m√©decins",1,2024-01-18
"586","Grantmaking","IKEA Foundation","council","world",1,2024-01-18
"587","Grantmaking","IKEA Foundation","countries","represented",1,2024-01-18
"588","Grantmaking","IKEA Foundation","currentpage","currentpage",1,2024-01-18
"589","Grantmaking","IKEA Foundation","dataset","includes",1,2024-01-18
"590","Grantmaking","IKEA Foundation","defaults","fields",1,2024-01-18
"591","Grantmaking","IKEA Foundation","deutsche","gesellschaft",1,2024-01-18
"592","Grantmaking","IKEA Foundation","development","centre",1,2024-01-18
"593","Grantmaking","IKEA Foundation","development","incubator",1,2024-01-18
"594","Grantmaking","IKEA Foundation","development","institute",1,2024-01-18
"595","Grantmaking","IKEA Foundation","development","international",1,2024-01-18
"596","Grantmaking","IKEA Foundation","development","organisation",1,2024-01-18
"597","Grantmaking","IKEA Foundation","documents","change",1,2024-01-18
"598","Grantmaking","IKEA Foundation","domain","translations",1,2024-01-18
"599","Grantmaking","IKEA Foundation","donation","africa",1,2024-01-18
"600","Grantmaking","IKEA Foundation","donation","protracted",1,2024-01-18
"601","Grantmaking","IKEA Foundation","ecological","development",1,2024-01-18
"602","Grantmaking","IKEA Foundation","ecological","security",1,2024-01-18
"603","Grantmaking","IKEA Foundation","ecology","international",1,2024-01-18
"604","Grantmaking","IKEA Foundation","economic","forum",1,2024-01-18
"605","Grantmaking","IKEA Foundation","edelgive","foundation",1,2024-01-18
"606","Grantmaking","IKEA Foundation","emergency","collaboration",1,2024-01-18
"607","Grantmaking","IKEA Foundation","emergency","response",1,2024-01-18
"608","Grantmaking","IKEA Foundation","emissions","reduction",1,2024-01-18
"609","Grantmaking","IKEA Foundation","enable","google",1,2024-01-18
"610","Grantmaking","IKEA Foundation","enables","external",1,2024-01-18
"611","Grantmaking","IKEA Foundation","energy","alliance",1,2024-01-18
"612","Grantmaking","IKEA Foundation","energy","environment",1,2024-01-18
"613","Grantmaking","IKEA Foundation","energy","institute",1,2024-01-18
"614","Grantmaking","IKEA Foundation","energy","nexus",1,2024-01-18
"615","Grantmaking","IKEA Foundation","energy","special",1,2024-01-18
"616","Grantmaking","IKEA Foundation","engagement","chatham",1,2024-01-18
"617","Grantmaking","IKEA Foundation","enviu","nederland",1,2024-01-18
"618","Grantmaking","IKEA Foundation","european","climate",1,2024-01-18
"619","Grantmaking","IKEA Foundation","european","foundation",1,2024-01-18
"620","Grantmaking","IKEA Foundation","exchange","foundation",1,2024-01-18
"621","Grantmaking","IKEA Foundation","experience","enable",1,2024-01-18
"622","Grantmaking","IKEA Foundation","external","stakeholders",1,2024-01-18
"623","Grantmaking","IKEA Foundation","families","afford",1,2024-01-18
"624","Grantmaking","IKEA Foundation","finance","corporation",1,2024-01-18
"625","Grantmaking","IKEA Foundation","financials","partnership",1,2024-01-18
"626","Grantmaking","IKEA Foundation","forced","displacement",1,2024-01-18
"627","Grantmaking","IKEA Foundation","formid","fields",1,2024-01-18
"628","Grantmaking","IKEA Foundation","forum","global",1,2024-01-18
"629","Grantmaking","IKEA Foundation","forum","world",1,2024-01-18
"630","Grantmaking","IKEA Foundation","foundation","ashoka",1,2024-01-18
"631","Grantmaking","IKEA Foundation","foundation","bangladesh",1,2024-01-18
"632","Grantmaking","IKEA Foundation","foundation","centre",1,2024-01-18
"633","Grantmaking","IKEA Foundation","foundation","coimpact",1,2024-01-18
"634","Grantmaking","IKEA Foundation","foundation","generation",1,2024-01-18
"635","Grantmaking","IKEA Foundation","foundation","influencemap",1,2024-01-18
"636","Grantmaking","IKEA Foundation","foundation","museum",1,2024-01-18
"637","Grantmaking","IKEA Foundation","foundation","nederlandse",1,2024-01-18
"638","Grantmaking","IKEA Foundation","foundation","outrage",1,2024-01-18
"639","Grantmaking","IKEA Foundation","foundation","rainforest",1,2024-01-18
"640","Grantmaking","IKEA Foundation","foundation","shareaction",1,2024-01-18
"641","Grantmaking","IKEA Foundation","framework","convention",1,2024-01-18
"642","Grantmaking","IKEA Foundation","friendly","procurement",1,2024-01-18
"643","Grantmaking","IKEA Foundation","gapminder","foundation",1,2024-01-18
"644","Grantmaking","IKEA Foundation","generation","givedirectly",1,2024-01-18
"645","Grantmaking","IKEA Foundation","gflegacy","islegacy",1,2024-01-18
"646","Grantmaking","IKEA Foundation","givedirectly","global",1,2024-01-18
"647","Grantmaking","IKEA Foundation","global","child",1,2024-01-18
"648","Grantmaking","IKEA Foundation","global","energy",1,2024-01-18
"649","Grantmaking","IKEA Foundation","global","methane",1,2024-01-18
"650","Grantmaking","IKEA Foundation","global","steering",1,2024-01-18
"651","Grantmaking","IKEA Foundation","google","marketing",1,2024-01-18
"652","Grantmaking","IKEA Foundation","governance","annual",1,2024-01-18
"653","Grantmaking","IKEA Foundation","grant","portfolio",1,2024-01-18
"654","Grantmaking","IKEA Foundation","grants","archive",1,2024-01-18
"655","Grantmaking","IKEA Foundation","gridbody","islayoutgrid",1,2024-01-18
"656","Grantmaking","IKEA Foundation","house","clasp",1,2024-01-18
"657","Grantmaking","IKEA Foundation","iftypeof","placeholders",1,2024-01-18
"658","Grantmaking","IKEA Foundation","impact","investment",1,2024-01-18
"659","Grantmaking","IKEA Foundation","including","emergency",1,2024-01-18
"660","Grantmaking","IKEA Foundation","including","partners",1,2024-01-18
"661","Grantmaking","IKEA Foundation","incubator","global",1,2024-01-18
"662","Grantmaking","IKEA Foundation","india","kenya",1,2024-01-18
"663","Grantmaking","IKEA Foundation","influencemap","inkomoko",1,2024-01-18
"664","Grantmaking","IKEA Foundation","initiative","climateworks",1,2024-01-18
"665","Grantmaking","IKEA Foundation","initiatives","including",1,2024-01-18
"666","Grantmaking","IKEA Foundation","inkomoko","innovations",1,2024-01-18
"667","Grantmaking","IKEA Foundation","innovation","centre",1,2024-01-18
"668","Grantmaking","IKEA Foundation","insect","physiology",1,2024-01-18
"669","Grantmaking","IKEA Foundation","institute","aceli",1,2024-01-18
"670","Grantmaking","IKEA Foundation","institute","norwegian",1,2024-01-18
"671","Grantmaking","IKEA Foundation","institute","world",1,2024-01-18
"672","Grantmaking","IKEA Foundation","instituto","clima",1,2024-01-18
"673","Grantmaking","IKEA Foundation","international","centre",1,2024-01-18
"674","Grantmaking","IKEA Foundation","international","finance",1,2024-01-18
"675","Grantmaking","IKEA Foundation","international","health",1,2024-01-18
"676","Grantmaking","IKEA Foundation","international","institute",1,2024-01-18
"677","Grantmaking","IKEA Foundation","international","rescue",1,2024-01-18
"678","Grantmaking","IKEA Foundation","international","union",1,2024-01-18
"679","Grantmaking","IKEA Foundation","justice","resilience",1,2024-01-18
"680","Grantmaking","IKEA Foundation","kenya","climate",1,2024-01-18
"681","Grantmaking","IKEA Foundation","kenya","uganda",1,2024-01-18
"682","Grantmaking","IKEA Foundation","kepler","kilimo",1,2024-01-18
"683","Grantmaking","IKEA Foundation","kilimo","trust",1,2024-01-18
"684","Grantmaking","IKEA Foundation","learnings","learning",1,2024-01-18
"685","Grantmaking","IKEA Foundation","learnings","partners",1,2024-01-18
"686","Grantmaking","IKEA Foundation","livelihoods","climate",1,2024-01-18
"687","Grantmaking","IKEA Foundation","livelihoods","renewable",1,2024-01-18
"688","Grantmaking","IKEA Foundation","localedata","domain",1,2024-01-18
"689","Grantmaking","IKEA Foundation","manager","google",1,2024-01-18
"690","Grantmaking","IKEA Foundation","manager","measures",1,2024-01-18
"691","Grantmaking","IKEA Foundation","manager","privacy",1,2024-01-18
"692","Grantmaking","IKEA Foundation","manager","rnscript",1,2024-01-18
"693","Grantmaking","IKEA Foundation","marketing","platform",1,2024-01-18
"694","Grantmaking","IKEA Foundation","mayors","migration",1,2024-01-18
"695","Grantmaking","IKEA Foundation","migration","council",1,2024-01-18
"696","Grantmaking","IKEA Foundation","misconduct","visit",1,2024-01-18
"697","Grantmaking","IKEA Foundation","mlinda","foundation",1,2024-01-18
"698","Grantmaking","IKEA Foundation","movement","innovation",1,2024-01-18
"699","Grantmaking","IKEA Foundation","nations","foundation",1,2024-01-18
"700","Grantmaking","IKEA Foundation","nations","framework",1,2024-01-18
"701","Grantmaking","IKEA Foundation","nations","office",1,2024-01-18
"702","Grantmaking","IKEA Foundation","nature","kenya",1,2024-01-18
"703","Grantmaking","IKEA Foundation","nederland","stichting",1,2024-01-18
"704","Grantmaking","IKEA Foundation","nederland","waste",1,2024-01-18
"705","Grantmaking","IKEA Foundation","netherlands","development",1,2024-01-18
"706","Grantmaking","IKEA Foundation","network","stichting",1,2024-01-18
"707","Grantmaking","IKEA Foundation","newclimate","institute",1,2024-01-18
"708","Grantmaking","IKEA Foundation","nexus","newclimate",1,2024-01-18
"709","Grantmaking","IKEA Foundation","norwegian","refugee",1,2024-01-18
"710","Grantmaking","IKEA Foundation","novib","partnership",1,2024-01-18
"711","Grantmaking","IKEA Foundation","optimism","overseas",1,2024-01-18
"712","Grantmaking","IKEA Foundation","organisation","spark",1,2024-01-18
"713","Grantmaking","IKEA Foundation","outrage","optimism",1,2024-01-18
"714","Grantmaking","IKEA Foundation","outreach","climate",1,2024-01-18
"715","Grantmaking","IKEA Foundation","overseas","development",1,2024-01-18
"716","Grantmaking","IKEA Foundation","oxfam","novib",1,2024-01-18
"717","Grantmaking","IKEA Foundation","oxford","urban",1,2024-01-18
"718","Grantmaking","IKEA Foundation","partner","donation",1,2024-01-18
"719","Grantmaking","IKEA Foundation","partners","dataset",1,2024-01-18
"720","Grantmaking","IKEA Foundation","partners","press",1,2024-01-18
"721","Grantmaking","IKEA Foundation","partners","workers",1,2024-01-18
"722","Grantmaking","IKEA Foundation","partnership","stichting",1,2024-01-18
"723","Grantmaking","IKEA Foundation","philanthropy","advisors",1,2024-01-18
"724","Grantmaking","IKEA Foundation","philanthropy","exchange",1,2024-01-18
"725","Grantmaking","IKEA Foundation","placeholders","undefined",1,2024-01-18
"726","Grantmaking","IKEA Foundation","planet","global",1,2024-01-18
"727","Grantmaking","IKEA Foundation","planet","learn",1,2024-01-18
"728","Grantmaking","IKEA Foundation","platform","brand",1,2024-01-18
"729","Grantmaking","IKEA Foundation","platform","inside",1,2024-01-18
"730","Grantmaking","IKEA Foundation","policy","initiative",1,2024-01-18
"731","Grantmaking","IKEA Foundation","poverty","action",1,2024-01-18
"732","Grantmaking","IKEA Foundation","practical","action",1,2024-01-18
"733","Grantmaking","IKEA Foundation","pradan","purpose",1,2024-01-18
"734","Grantmaking","IKEA Foundation","preferences","trust",1,2024-01-18
"735","Grantmaking","IKEA Foundation","press","stories",1,2024-01-18
"736","Grantmaking","IKEA Foundation","privacy","policy",1,2024-01-18
"737","Grantmaking","IKEA Foundation","private","sector",1,2024-01-18
"738","Grantmaking","IKEA Foundation","process","transparency",1,2024-01-18
"739","Grantmaking","IKEA Foundation","programme","evaluations",1,2024-01-18
"740","Grantmaking","IKEA Foundation","project","services",1,2024-01-18
"741","Grantmaking","IKEA Foundation","protracted","displacement",1,2024-01-18
"742","Grantmaking","IKEA Foundation","provide","information",1,2024-01-18
"743","Grantmaking","IKEA Foundation","purpose","climate",1,2024-01-18
"744","Grantmaking","IKEA Foundation","purpose","foundation",1,2024-01-18
"745","Grantmaking","IKEA Foundation","radio","international",1,2024-01-18
"746","Grantmaking","IKEA Foundation","rainforest","alliance",1,2024-01-18
"747","Grantmaking","IKEA Foundation","reduction","employment",1,2024-01-18
"748","Grantmaking","IKEA Foundation","refugee","agency",1,2024-01-18
"749","Grantmaking","IKEA Foundation","refugee","council",1,2024-01-18
"750","Grantmaking","IKEA Foundation","refugee","livelihoods",1,2024-01-18
"751","Grantmaking","IKEA Foundation","reject","accept",1,2024-01-18
"752","Grantmaking","IKEA Foundation","renewable","energy",1,2024-01-18
"753","Grantmaking","IKEA Foundation","rescue","committee",1,2024-01-18
"754","Grantmaking","IKEA Foundation","resilience","centre",1,2024-01-18
"755","Grantmaking","IKEA Foundation","response","programmes",1,2024-01-18
"756","Grantmaking","IKEA Foundation","results","found",1,2024-01-18
"757","Grantmaking","IKEA Foundation","results","thematic",1,2024-01-18
"758","Grantmaking","IKEA Foundation","rockefeller","philanthropy",1,2024-01-18
"759","Grantmaking","IKEA Foundation","rural","advancement",1,2024-01-18
"760","Grantmaking","IKEA Foundation","sector","forum",1,2024-01-18
"761","Grantmaking","IKEA Foundation","seeds","selco",1,2024-01-18
"762","Grantmaking","IKEA Foundation","selco","foundation",1,2024-01-18
"763","Grantmaking","IKEA Foundation","service","offered",1,2024-01-18
"764","Grantmaking","IKEA Foundation","services","university",1,2024-01-18
"765","Grantmaking","IKEA Foundation","settings","google",1,2024-01-18
"766","Grantmaking","IKEA Foundation","settings","privacy",1,2024-01-18
"767","Grantmaking","IKEA Foundation","settings","reject",1,2024-01-18
"768","Grantmaking","IKEA Foundation","shareaction","smith",1,2024-01-18
"769","Grantmaking","IKEA Foundation","shelter","biovision",1,2024-01-18
"770","Grantmaking","IKEA Foundation","smith","school",1,2024-01-18
"771","Grantmaking","IKEA Foundation","sociedade","international",1,2024-01-18
"772","Grantmaking","IKEA Foundation","spark","start",1,2024-01-18
"773","Grantmaking","IKEA Foundation","stakeholders","including",1,2024-01-18
"774","Grantmaking","IKEA Foundation","start","network",1,2024-01-18
"775","Grantmaking","IKEA Foundation","stichting","enviu",1,2024-01-18
"776","Grantmaking","IKEA Foundation","stichting","netherlands",1,2024-01-18
"777","Grantmaking","IKEA Foundation","stockholm","resilience",1,2024-01-18
"778","Grantmaking","IKEA Foundation","stories","grant",1,2024-01-18
"779","Grantmaking","IKEA Foundation","sunfunder","sustain",1,2024-01-18
"780","Grantmaking","IKEA Foundation","sustainable","energy",1,2024-01-18
"781","Grantmaking","IKEA Foundation","sustainable","trade",1,2024-01-18
"782","Grantmaking","IKEA Foundation","trade","initiative",1,2024-01-18
"783","Grantmaking","IKEA Foundation","trust","carnegie",1,2024-01-18
"784","Grantmaking","IKEA Foundation","uganda","ethiopia",1,2024-01-18
"785","Grantmaking","IKEA Foundation","unfccc","united",1,2024-01-18
"786","Grantmaking","IKEA Foundation","unicef","unitar",1,2024-01-18
"787","Grantmaking","IKEA Foundation","unitar","united",1,2024-01-18
"788","Grantmaking","IKEA Foundation","urban","movement",1,2024-01-18
"789","Grantmaking","IKEA Foundation","urban","world",1,2024-01-18
"790","Grantmaking","IKEA Foundation","water","deutsche",1,2024-01-18
"791","Grantmaking","IKEA Foundation","world","benchmarking",1,2024-01-18
"792","Grantmaking","IKEA Foundation","world","economic",1,2024-01-18
"793","Grantmaking","IKEA Foundation","world","learnings",1,2024-01-18
"794","Grantmaking","IKEA Foundation","world","resources",1,2024-01-18
"795","Grantmaking","IKEA Foundation","world","vegetable",1,2024-01-18
"796","Grantmaking","IKEA Foundation","youth","leadership",1,2024-01-18
"797","Learnings","IKEA Foundation","accelerate","business",1,2024-01-18
"798","Learnings","IKEA Foundation","accelerate","climate",1,2024-01-18
"799","Learnings","IKEA Foundation","achieve","economic",1,2024-01-18
"800","Learnings","IKEA Foundation","additional","metrics",1,2024-01-18
"801","Learnings","IKEA Foundation","address","questions",1,2024-01-18
"802","Learnings","IKEA Foundation","adopt","regenerative",1,2024-01-18
"803","Learnings","IKEA Foundation","advisors","india",1,2024-01-18
"804","Learnings","IKEA Foundation","agency","ecosystems",1,2024-01-18
"805","Learnings","IKEA Foundation","agriculture","renewable",1,2024-01-18
"806","Learnings","IKEA Foundation","ambitious","climate",1,2024-01-18
"807","Learnings","IKEA Foundation","ambitious","emissions",1,2024-01-18
"808","Learnings","IKEA Foundation","ambitious","nonprofit",1,2024-01-18
"809","Learnings","IKEA Foundation","bicycle","mountaineer",1,2024-01-18
"810","Learnings","IKEA Foundation","biggest","returns",1,2024-01-18
"811","Learnings","IKEA Foundation","built","evidence",1,2024-01-18
"812","Learnings","IKEA Foundation","business","commitments",1,2024-01-18
"813","Learnings","IKEA Foundation","business","council",1,2024-01-18
"814","Learnings","IKEA Foundation","campaigns","network",1,2024-01-18
"815","Learnings","IKEA Foundation","camps","university",1,2024-01-18
"816","Learnings","IKEA Foundation","cdpthis","evaluation",1,2024-01-18
"817","Learnings","IKEA Foundation","climate","financewe",1,2024-01-18
"818","Learnings","IKEA Foundation","climate","science",1,2024-01-18
"819","Learnings","IKEA Foundation","coalition","implementing",1,2024-01-18
"820","Learnings","IKEA Foundation","coalition","launched",1,2024-01-18
"821","Learnings","IKEA Foundation","commissioned","dalberg",1,2024-01-18
"822","Learnings","IKEA Foundation","commissioned","wageningen",1,2024-01-18
"823","Learnings","IKEA Foundation","contracted","mathematica",1,2024-01-18
"824","Learnings","IKEA Foundation","corporate","leaders",1,2024-01-18
"825","Learnings","IKEA Foundation","crucial","moment",1,2024-01-18
"826","Learnings","IKEA Foundation","dalberg","global",1,2024-01-18
"827","Learnings","IKEA Foundation","dalberg","india",1,2024-01-18
"828","Learnings","IKEA Foundation","delft","august",1,2024-01-18
"829","Learnings","IKEA Foundation","delivered","positive",1,2024-01-18
"830","Learnings","IKEA Foundation","developing","sustainable",1,2024-01-18
"831","Learnings","IKEA Foundation","development","advisors",1,2024-01-18
"832","Learnings","IKEA Foundation","development","programme",1,2024-01-18
"833","Learnings","IKEA Foundation","direction","scope",1,2024-01-18
"834","Learnings","IKEA Foundation","drive","ambitious",1,2024-01-18
"835","Learnings","IKEA Foundation","dutch","bicycle",1,2024-01-18
"836","Learnings","IKEA Foundation","effective","management",1,2024-01-18
"837","Learnings","IKEA Foundation","emissions","reduction",1,2024-01-18
"838","Learnings","IKEA Foundation","emissions","reductions",1,2024-01-18
"839","Learnings","IKEA Foundation","employment","ecosystem",1,2024-01-18
"840","Learnings","IKEA Foundation","empowerment","increased",1,2024-01-18
"841","Learnings","IKEA Foundation","enables","businesses",1,2024-01-18
"842","Learnings","IKEA Foundation","enabling","organisations",1,2024-01-18
"843","Learnings","IKEA Foundation","energy","environmental",1,2024-01-18
"844","Learnings","IKEA Foundation","environmental","conservation",1,2024-01-18
"845","Learnings","IKEA Foundation","ethiopia","ethiopia",1,2024-01-18
"846","Learnings","IKEA Foundation","ethiopia","previous",1,2024-01-18
"847","Learnings","IKEA Foundation","ethiopia","sabriina",1,2024-01-18
"848","Learnings","IKEA Foundation","evaluation","considered",1,2024-01-18
"849","Learnings","IKEA Foundation","evaluation","covers",1,2024-01-18
"850","Learnings","IKEA Foundation","evaluation","examined",1,2024-01-18
"851","Learnings","IKEA Foundation","evaluation","findings",1,2024-01-18
"852","Learnings","IKEA Foundation","evaluation","including",1,2024-01-18
"853","Learnings","IKEA Foundation","evaluation","reported",1,2024-01-18
"854","Learnings","IKEA Foundation","examined","sbtis",1,2024-01-18
"855","Learnings","IKEA Foundation","farmers","improve",1,2024-01-18
"856","Learnings","IKEA Foundation","final","evaluation",1,2024-01-18
"857","Learnings","IKEA Foundation","financewe","funded",1,2024-01-18
"858","Learnings","IKEA Foundation","financial","institutions",1,2024-01-18
"859","Learnings","IKEA Foundation","foundation","funded",1,2024-01-18
"860","Learnings","IKEA Foundation","foundation","jordan",1,2024-01-18
"861","Learnings","IKEA Foundation","foundation","livelihoods",1,2024-01-18
"862","Learnings","IKEA Foundation","foundation","provided",1,2024-01-18
"863","Learnings","IKEA Foundation","foundation","supported",1,2024-01-18
"864","Learnings","IKEA Foundation","future","direction",1,2024-01-18
"865","Learnings","IKEA Foundation","future","implementing",1,2024-01-18
"866","Learnings","IKEA Foundation","future","partnership",1,2024-01-18
"867","Learnings","IKEA Foundation","global","compact",1,2024-01-18
"868","Learnings","IKEA Foundation","global","development",1,2024-01-18
"869","Learnings","IKEA Foundation","global","investment",1,2024-01-18
"870","Learnings","IKEA Foundation","governance","organisation",1,2024-01-18
"871","Learnings","IKEA Foundation","grant","starting",1,2024-01-18
"872","Learnings","IKEA Foundation","including","stakeholder",1,2024-01-18
"873","Learnings","IKEA Foundation","income","confidence",1,2024-01-18
"874","Learnings","IKEA Foundation","increased","income",1,2024-01-18
"875","Learnings","IKEA Foundation","independent","evaluation",1,2024-01-18
"876","Learnings","IKEA Foundation","india","implementing",1,2024-01-18
"877","Learnings","IKEA Foundation","india","march",1,2024-01-18
"878","Learnings","IKEA Foundation","inform","programming",1,2024-01-18
"879","Learnings","IKEA Foundation","inhibiting","factors",1,2024-01-18
"880","Learnings","IKEA Foundation","initiative","implementing",1,2024-01-18
"881","Learnings","IKEA Foundation","initiative","science",1,2024-01-18
"882","Learnings","IKEA Foundation","intervention","strategies",1,2024-01-18
"883","Learnings","IKEA Foundation","investment","policy",1,2024-01-18
"884","Learnings","IKEA Foundation","investment","system",1,2024-01-18
"885","Learnings","IKEA Foundation","investmentthe","evaluation",1,2024-01-18
"886","Learnings","IKEA Foundation","kenya","science",1,2024-01-18
"887","Learnings","IKEA Foundation","landscape","approach",1,2024-01-18
"888","Learnings","IKEA Foundation","largest","pension",1,2024-01-18
"889","Learnings","IKEA Foundation","largest","private",1,2024-01-18
"890","Learnings","IKEA Foundation","learnings","jordan",1,2024-01-18
"891","Learnings","IKEA Foundation","learnings","science",1,2024-01-18
"892","Learnings","IKEA Foundation","learnings","shareaction",1,2024-01-18
"893","Learnings","IKEA Foundation","literature","review",1,2024-01-18
"894","Learnings","IKEA Foundation","livelihoods","projects",1,2024-01-18
"895","Learnings","IKEA Foundation","mathematica","expected",1,2024-01-18
"896","Learnings","IKEA Foundation","maximise","benefits",1,2024-01-18
"897","Learnings","IKEA Foundation","methods","including",1,2024-01-18
"898","Learnings","IKEA Foundation","million","grant",1,2024-01-18
"899","Learnings","IKEA Foundation","model","resource",1,2024-01-18
"900","Learnings","IKEA Foundation","models","implemented",1,2024-01-18
"901","Learnings","IKEA Foundation","nations","development",1,2024-01-18
"902","Learnings","IKEA Foundation","nations","global",1,2024-01-18
"903","Learnings","IKEA Foundation","nonprofit","focusing",1,2024-01-18
"904","Learnings","IKEA Foundation","offered","lessons",1,2024-01-18
"905","Learnings","IKEA Foundation","operating","model",1,2024-01-18
"906","Learnings","IKEA Foundation","operations","ursus",1,2024-01-18
"907","Learnings","IKEA Foundation","option","involving",1,2024-01-18
"908","Learnings","IKEA Foundation","othersbti","continues",1,2024-01-18
"909","Learnings","IKEA Foundation","oxford","refugee",1,2024-01-18
"910","Learnings","IKEA Foundation","partner","focused",1,2024-01-18
"911","Learnings","IKEA Foundation","partners","programme",1,2024-01-18
"912","Learnings","IKEA Foundation","pension","provider",1,2024-01-18
"913","Learnings","IKEA Foundation","people","forced",1,2024-01-18
"914","Learnings","IKEA Foundation","people","planet",1,2024-01-18
"915","Learnings","IKEA Foundation","phases","phase",1,2024-01-18
"916","Learnings","IKEA Foundation","philanthropic","support",1,2024-01-18
"917","Learnings","IKEA Foundation","positive","outcomes",1,2024-01-18
"918","Learnings","IKEA Foundation","programme","dalberg",1,2024-01-18
"919","Learnings","IKEA Foundation","programme","delivered",1,2024-01-18
"920","Learnings","IKEA Foundation","programme","evaluation",1,2024-01-18
"921","Learnings","IKEA Foundation","programme","implemented",1,2024-01-18
"922","Learnings","IKEA Foundation","programme","implementing",1,2024-01-18
"923","Learnings","IKEA Foundation","programme","jordan",1,2024-01-18
"924","Learnings","IKEA Foundation","programme","offers",1,2024-01-18
"925","Learnings","IKEA Foundation","programme","wageningen",1,2024-01-18
"926","Learnings","IKEA Foundation","programmes","providing",1,2024-01-18
"927","Learnings","IKEA Foundation","projects","developing",1,2024-01-18
"928","Learnings","IKEA Foundation","providing","support",1,2024-01-18
"929","Learnings","IKEA Foundation","publication","rainforest",1,2024-01-18
"930","Learnings","IKEA Foundation","publication","science",1,2024-01-18
"931","Learnings","IKEA Foundation","publication","shareaction",1,2024-01-18
"932","Learnings","IKEA Foundation","reduction","targets",1,2024-01-18
"933","Learnings","IKEA Foundation","reductions","targets",1,2024-01-18
"934","Learnings","IKEA Foundation","refugee","camps",1,2024-01-18
"935","Learnings","IKEA Foundation","refugee","policy",1,2024-01-18
"936","Learnings","IKEA Foundation","refugee","settingthe",1,2024-01-18
"937","Learnings","IKEA Foundation","relied","heavily",1,2024-01-18
"938","Learnings","IKEA Foundation","renewable","energy",1,2024-01-18
"939","Learnings","IKEA Foundation","report","combines",1,2024-01-18
"940","Learnings","IKEA Foundation","report","evaluated",1,2024-01-18
"941","Learnings","IKEA Foundation","report","relate",1,2024-01-18
"942","Learnings","IKEA Foundation","report","summarised",1,2024-01-18
"943","Learnings","IKEA Foundation","resources","institute",1,2024-01-18
"944","Learnings","IKEA Foundation","resourcing","model",1,2024-01-18
"945","Learnings","IKEA Foundation","responsible","investment",1,2024-01-18
"946","Learnings","IKEA Foundation","sbtis","governance",1,2024-01-18
"947","Learnings","IKEA Foundation","scalablethe","findings",1,2024-01-18
"948","Learnings","IKEA Foundation","scalethis","evaluation",1,2024-01-18
"949","Learnings","IKEA Foundation","schools","skills",1,2024-01-18
"950","Learnings","IKEA Foundation","sciencebased","emissions",1,2024-01-18
"951","Learnings","IKEA Foundation","sector","investment",1,2024-01-18
"952","Learnings","IKEA Foundation","settingthe","evaluation",1,2024-01-18
"953","Learnings","IKEA Foundation","shareaction","implementing",1,2024-01-18
"954","Learnings","IKEA Foundation","situational","analysis",1,2024-01-18
"955","Learnings","IKEA Foundation","smart","phone",1,2024-01-18
"956","Learnings","IKEA Foundation","stakeholder","interviews",1,2024-01-18
"957","Learnings","IKEA Foundation","strategic","orientation",1,2024-01-18
"958","Learnings","IKEA Foundation","strategy","level",1,2024-01-18
"959","Learnings","IKEA Foundation","strategy","refresh",1,2024-01-18
"960","Learnings","IKEA Foundation","student","campaigns",1,2024-01-18
"961","Learnings","IKEA Foundation","study","makes",1,2024-01-18
"962","Learnings","IKEA Foundation","summarised","status",1,2024-01-18
"963","Learnings","IKEA Foundation","supply","chain",1,2024-01-18
"964","Learnings","IKEA Foundation","support","businesses",1,2024-01-18
"965","Learnings","IKEA Foundation","supported","shareaction",1,2024-01-18
"966","Learnings","IKEA Foundation","sustainable","developmentwe",1,2024-01-18
"967","Learnings","IKEA Foundation","sustainable","economies",1,2024-01-18
"968","Learnings","IKEA Foundation","target","validation",1,2024-01-18
"969","Learnings","IKEA Foundation","themes","shareaction",1,2024-01-18
"970","Learnings","IKEA Foundation","traditional","methods",1,2024-01-18
"971","Learnings","IKEA Foundation","undesirable","results",1,2024-01-18
"972","Learnings","IKEA Foundation","unproven","interventions",1,2024-01-18
"973","Learnings","IKEA Foundation","ursus","consulting",1,2024-01-18
"974","Learnings","IKEA Foundation","validation","process",1,2024-01-18
"975","Learnings","IKEA Foundation","wellbeing","shareaction",1,2024-01-18
"976","Learnings","IKEA Foundation","wider","world",1,2024-01-18
"977","Learnings","IKEA Foundation","workforcethe","evaluation",1,2024-01-18
"978","Learnings","IKEA Foundation","world","business",1,2024-01-18
"979","Learnings","IKEA Foundation","world","resources",1,2024-01-18
"980","People","IKEA Foundation","agreement","privacy",1,2024-01-18
"981","People","IKEA Foundation","amanda","coady",1,2024-01-18
"982","People","IKEA Foundation","analytics","rnscript",1,2024-01-18
"983","People","IKEA Foundation","analytics","service",1,2024-01-18
"984","People","IKEA Foundation","anderen","chief",1,2024-01-18
"985","People","IKEA Foundation","annual","review",1,2024-01-18
"986","People","IKEA Foundation","berends","chief",1,2024-01-18
"987","People","IKEA Foundation","bezerra","chief",1,2024-01-18
"988","People","IKEA Foundation","brand","enable",1,2024-01-18
"989","People","IKEA Foundation","centerbody","islayoutflex",1,2024-01-18
"990","People","IKEA Foundation","change","cookie",1,2024-01-18
"991","People","IKEA Foundation","chief","executive",1,2024-01-18
"992","People","IKEA Foundation","chief","operating",1,2024-01-18
"993","People","IKEA Foundation","chief","people",1,2024-01-18
"994","People","IKEA Foundation","chief","programmes",1,2024-01-18
"995","People","IKEA Foundation","christa","berends",1,2024-01-18
"996","People","IKEA Foundation","coady","chief",1,2024-01-18
"997","People","IKEA Foundation","cookie","preferences",1,2024-01-18
"998","People","IKEA Foundation","counsel","jordi",1,2024-01-18
"999","People","IKEA Foundation","currentpage","currentpage",1,2024-01-18
"1000","People","IKEA Foundation","defaults","fields",1,2024-01-18
"1001","People","IKEA Foundation","director","people",1,2024-01-18
"1002","People","IKEA Foundation","director","planet",1,2024-01-18
"1003","People","IKEA Foundation","documents","change",1,2024-01-18
"1004","People","IKEA Foundation","domain","translations",1,2024-01-18
"1005","People","IKEA Foundation","dynamic","creative",1,2024-01-18
"1006","People","IKEA Foundation","elizabeth","mckeon",1,2024-01-18
"1007","People","IKEA Foundation","enable","google",1,2024-01-18
"1008","People","IKEA Foundation","enables","external",1,2024-01-18
"1009","People","IKEA Foundation","executive","officer",1,2024-01-18
"1010","People","IKEA Foundation","experience","enable",1,2024-01-18
"1011","People","IKEA Foundation","external","stakeholders",1,2024-01-18
"1012","People","IKEA Foundation","feike","derksen",1,2024-01-18
"1013","People","IKEA Foundation","formid","fields",1,2024-01-18
"1014","People","IKEA Foundation","gflegacy","islegacy",1,2024-01-18
"1015","People","IKEA Foundation","google","marketing",1,2024-01-18
"1016","People","IKEA Foundation","governance","annual",1,2024-01-18
"1017","People","IKEA Foundation","gridbody","islayoutgrid",1,2024-01-18
"1018","People","IKEA Foundation","haileselassie","medhin",1,2024-01-18
"1019","People","IKEA Foundation","huisman","chief",1,2024-01-18
"1020","People","IKEA Foundation","iftypeof","placeholders",1,2024-01-18
"1021","People","IKEA Foundation","including","partners",1,2024-01-18
"1022","People","IKEA Foundation","jessica","anderen",1,2024-01-18
"1023","People","IKEA Foundation","jordi","johannisse",1,2024-01-18
"1024","People","IKEA Foundation","kyriakakis","chief",1,2024-01-18
"1025","People","IKEA Foundation","leadership","jessica",1,2024-01-18
"1026","People","IKEA Foundation","learnings","partners",1,2024-01-18
"1027","People","IKEA Foundation","localedata","domain",1,2024-01-18
"1028","People","IKEA Foundation","manager","google",1,2024-01-18
"1029","People","IKEA Foundation","manager","measures",1,2024-01-18
"1030","People","IKEA Foundation","manager","privacy",1,2024-01-18
"1031","People","IKEA Foundation","manager","rnscript",1,2024-01-18
"1032","People","IKEA Foundation","marilia","bezerra",1,2024-01-18
"1033","People","IKEA Foundation","marketing","platform",1,2024-01-18
"1034","People","IKEA Foundation","mckeon","programmes",1,2024-01-18
"1035","People","IKEA Foundation","medhin","programmes",1,2024-01-18
"1036","People","IKEA Foundation","misconduct","visit",1,2024-01-18
"1037","People","IKEA Foundation","officer","amanda",1,2024-01-18
"1038","People","IKEA Foundation","officer","christa",1,2024-01-18
"1039","People","IKEA Foundation","officer","marilia",1,2024-01-18
"1040","People","IKEA Foundation","officer","programmes",1,2024-01-18
"1041","People","IKEA Foundation","officer","stelios",1,2024-01-18
"1042","People","IKEA Foundation","operating","officer",1,2024-01-18
"1043","People","IKEA Foundation","operations","feike",1,2024-01-18
"1044","People","IKEA Foundation","partners","press",1,2024-01-18
"1045","People","IKEA Foundation","people","leadership",1,2024-01-18
"1046","People","IKEA Foundation","people","officer",1,2024-01-18
"1047","People","IKEA Foundation","people","operations",1,2024-01-18
"1048","People","IKEA Foundation","placeholders","undefined",1,2024-01-18
"1049","People","IKEA Foundation","planet","haileselassie",1,2024-01-18
"1050","People","IKEA Foundation","platform","brand",1,2024-01-18
"1051","People","IKEA Foundation","platform","inside",1,2024-01-18
"1052","People","IKEA Foundation","preferences","trust",1,2024-01-18
"1053","People","IKEA Foundation","press","stories",1,2024-01-18
"1054","People","IKEA Foundation","privacy","policy",1,2024-01-18
"1055","People","IKEA Foundation","programmes","elizabeth",1,2024-01-18
"1056","People","IKEA Foundation","programmes","officer",1,2024-01-18
"1057","People","IKEA Foundation","provide","information",1,2024-01-18
"1058","People","IKEA Foundation","reject","accept",1,2024-01-18
"1059","People","IKEA Foundation","service","offered",1,2024-01-18
"1060","People","IKEA Foundation","settings","google",1,2024-01-18
"1061","People","IKEA Foundation","settings","privacy",1,2024-01-18
"1062","People","IKEA Foundation","settings","reject",1,2024-01-18
"1063","People","IKEA Foundation","staff","truus",1,2024-01-18
"1064","People","IKEA Foundation","stakeholders","including",1,2024-01-18
"1065","People","IKEA Foundation","stelios","kyriakakis",1,2024-01-18
"1066","People","IKEA Foundation","successfully","pursue",1,2024-01-18
"1067","People","IKEA Foundation","truus","huisman",1,2024-01-18
"1068","People","IKEA Foundation","values","enables",1,2024-01-18
"1069","Programs","IKEA Foundation","accelerate","renewable",1,2024-01-18
"1070","Programs","IKEA Foundation","access","easier",1,2024-01-18
"1071","Programs","IKEA Foundation","achieve","sustainable",1,2024-01-18
"1072","Programs","IKEA Foundation","action","climate",1,2024-01-18
"1073","Programs","IKEA Foundation","action","special",1,2024-01-18
"1074","Programs","IKEA Foundation","africa","achieve",1,2024-01-18
"1075","Programs","IKEA Foundation","africa","africa",1,2024-01-18
"1076","Programs","IKEA Foundation","agreement","targets",1,2024-01-18
"1077","Programs","IKEA Foundation","agricultural","practices",1,2024-01-18
"1078","Programs","IKEA Foundation","agrifood","systems",1,2024-01-18
"1079","Programs","IKEA Foundation","alliance","launches",1,2024-01-18
"1080","Programs","IKEA Foundation","announcement","investing",1,2024-01-18
"1081","Programs","IKEA Foundation","annual","grant",1,2024-01-18
"1082","Programs","IKEA Foundation","articles","announcement",1,2024-01-18
"1083","Programs","IKEA Foundation","articles","swedish",1,2024-01-18
"1084","Programs","IKEA Foundation","azraq","refugee",1,2024-01-18
"1085","Programs","IKEA Foundation","balance","economic",1,2024-01-18
"1086","Programs","IKEA Foundation","basic","needsour",1,2024-01-18
"1087","Programs","IKEA Foundation","benefit","families",1,2024-01-18
"1088","Programs","IKEA Foundation","bruel","european",1,2024-01-18
"1089","Programs","IKEA Foundation","build","vibrant",1,2024-01-18
"1090","Programs","IKEA Foundation","buildings","bring",1,2024-01-18
"1091","Programs","IKEA Foundation","builds","farmers",1,2024-01-18
"1092","Programs","IKEA Foundation","business","opportunities",1,2024-01-18
"1093","Programs","IKEA Foundation","centre","technicians",1,2024-01-18
"1094","Programs","IKEA Foundation","change","agents",1,2024-01-18
"1095","Programs","IKEA Foundation","change","climate",1,2024-01-18
"1096","Programs","IKEA Foundation","change","conference",1,2024-01-18
"1097","Programs","IKEA Foundation","change","september",1,2024-01-18
"1098","Programs","IKEA Foundation","change","thematic",1,2024-01-18
"1099","Programs","IKEA Foundation","changemakers","marcelo",1,2024-01-18
"1100","Programs","IKEA Foundation","changemakers","mohamed",1,2024-01-18
"1101","Programs","IKEA Foundation","changemakers","ren√©e",1,2024-01-18
"1102","Programs","IKEA Foundation","changing","climate",1,2024-01-18
"1103","Programs","IKEA Foundation","changing","global",1,2024-01-18
"1104","Programs","IKEA Foundation","children","related",1,2024-01-18
"1105","Programs","IKEA Foundation","circular","agricultural",1,2024-01-18
"1106","Programs","IKEA Foundation","clean","water",1,2024-01-18
"1107","Programs","IKEA Foundation","climate","foundation",1,2024-01-18
"1108","Programs","IKEA Foundation","climate","solutions",1,2024-01-18
"1109","Programs","IKEA Foundation","clinics","schools",1,2024-01-18
"1110","Programs","IKEA Foundation","communally","managed",1,2024-01-18
"1111","Programs","IKEA Foundation","communities","prepare",1,2024-01-18
"1112","Programs","IKEA Foundation","communities","walking",1,2024-01-18
"1113","Programs","IKEA Foundation","complex","systemsalong",1,2024-01-18
"1114","Programs","IKEA Foundation","continued","innovation",1,2024-01-18
"1115","Programs","IKEA Foundation","cooperatives","created",1,2024-01-18
"1116","Programs","IKEA Foundation","countries","march",1,2024-01-18
"1117","Programs","IKEA Foundation","create","employment",1,2024-01-18
"1118","Programs","IKEA Foundation","create","sustainable",1,2024-01-18
"1119","Programs","IKEA Foundation","dasgupta","world",1,2024-01-18
"1120","Programs","IKEA Foundation","decent","income",1,2024-01-18
"1121","Programs","IKEA Foundation","delegate","stands",1,2024-01-18
"1122","Programs","IKEA Foundation","deliver","greenhouse",1,2024-01-18
"1123","Programs","IKEA Foundation","deliver","lifesaving",1,2024-01-18
"1124","Programs","IKEA Foundation","delivering","energy",1,2024-01-18
"1125","Programs","IKEA Foundation","develop","local",1,2024-01-18
"1126","Programs","IKEA Foundation","disasters","force",1,2024-01-18
"1127","Programs","IKEA Foundation","displaced","persons",1,2024-01-18
"1128","Programs","IKEA Foundation","district","gujarat",1,2024-01-18
"1129","Programs","IKEA Foundation","drastically","reduce",1,2024-01-18
"1130","Programs","IKEA Foundation","dynamic","force",1,2024-01-18
"1131","Programs","IKEA Foundation","earthquake","response",1,2024-01-18
"1132","Programs","IKEA Foundation","easier","quicker",1,2024-01-18
"1133","Programs","IKEA Foundation","economic","growth",1,2024-01-18
"1134","Programs","IKEA Foundation","economic","inequalities",1,2024-01-18
"1135","Programs","IKEA Foundation","economic","systems",1,2024-01-18
"1136","Programs","IKEA Foundation","effective","programmes",1,2024-01-18
"1137","Programs","IKEA Foundation","efficient","response",1,2024-01-18
"1138","Programs","IKEA Foundation","electricity","declined",1,2024-01-18
"1139","Programs","IKEA Foundation","emergency","assistance",1,2024-01-18
"1140","Programs","IKEA Foundation","emergency","funding",1,2024-01-18
"1141","Programs","IKEA Foundation","emergency","shelters",1,2024-01-18
"1142","Programs","IKEA Foundation","emergency","strikes",1,2024-01-18
"1143","Programs","IKEA Foundation","empower","refugees",1,2024-01-18
"1144","Programs","IKEA Foundation","empower","rural",1,2024-01-18
"1145","Programs","IKEA Foundation","energy","climate",1,2024-01-18
"1146","Programs","IKEA Foundation","energy","cooperatives",1,2024-01-18
"1147","Programs","IKEA Foundation","energy","employment",1,2024-01-18
"1148","Programs","IKEA Foundation","energy","forum",1,2024-01-18
"1149","Programs","IKEA Foundation","energy","initiatives",1,2024-01-18
"1150","Programs","IKEA Foundation","energy","interventions",1,2024-01-18
"1151","Programs","IKEA Foundation","energy","planet",1,2024-01-18
"1152","Programs","IKEA Foundation","energy","programmes",1,2024-01-18
"1153","Programs","IKEA Foundation","energy","service",1,2024-01-18
"1154","Programs","IKEA Foundation","energy","services",1,2024-01-18
"1155","Programs","IKEA Foundation","energy","superpower",1,2024-01-18
"1156","Programs","IKEA Foundation","entrepreneurs","helping",1,2024-01-18
"1157","Programs","IKEA Foundation","environmental","protectionwe",1,2024-01-18
"1158","Programs","IKEA Foundation","enviu","supports",1,2024-01-18
"1159","Programs","IKEA Foundation","essence","supplies",1,2024-01-18
"1160","Programs","IKEA Foundation","european","climate",1,2024-01-18
"1161","Programs","IKEA Foundation","exploitation","people",1,2024-01-18
"1162","Programs","IKEA Foundation","exploitative","agrifood",1,2024-01-18
"1163","Programs","IKEA Foundation","extreme","weather",1,2024-01-18
"1164","Programs","IKEA Foundation","families","affected",1,2024-01-18
"1165","Programs","IKEA Foundation","families","afford",1,2024-01-18
"1166","Programs","IKEA Foundation","families","improve",1,2024-01-18
"1167","Programs","IKEA Foundation","families","living",1,2024-01-18
"1168","Programs","IKEA Foundation","farmers","resilience",1,2024-01-18
"1169","Programs","IKEA Foundation","farming","methods",1,2024-01-18
"1170","Programs","IKEA Foundation","farming","people",1,2024-01-18
"1171","Programs","IKEA Foundation","financial","stability",1,2024-01-18
"1172","Programs","IKEA Foundation","force","millions",1,2024-01-18
"1173","Programs","IKEA Foundation","foundation","buildings",1,2024-01-18
"1174","Programs","IKEA Foundation","foundation","decided",1,2024-01-18
"1175","Programs","IKEA Foundation","foundation","launch",1,2024-01-18
"1176","Programs","IKEA Foundation","future","generations",1,2024-01-18
"1177","Programs","IKEA Foundation","generate","wealth",1,2024-01-18
"1178","Programs","IKEA Foundation","generations","related",1,2024-01-18
"1179","Programs","IKEA Foundation","generators","refugees",1,2024-01-18
"1180","Programs","IKEA Foundation","global","economic",1,2024-01-18
"1181","Programs","IKEA Foundation","global","greenhouse",1,2024-01-18
"1182","Programs","IKEA Foundation","global","humanitarian",1,2024-01-18
"1183","Programs","IKEA Foundation","global","methane",1,2024-01-18
"1184","Programs","IKEA Foundation","global","systems",1,2024-01-18
"1185","Programs","IKEA Foundation","governments","businesses",1,2024-01-18
"1186","Programs","IKEA Foundation","governments","humanitarian",1,2024-01-18
"1187","Programs","IKEA Foundation","growing","population",1,2024-01-18
"1188","Programs","IKEA Foundation","guaranteed","hours",1,2024-01-18
"1189","Programs","IKEA Foundation","gujarat","india",1,2024-01-18
"1190","Programs","IKEA Foundation","handweaving","project",1,2024-01-18
"1191","Programs","IKEA Foundation","healthy","communities",1,2024-01-18
"1192","Programs","IKEA Foundation","healthy","environment",1,2024-01-18
"1193","Programs","IKEA Foundation","helping","ecology",1,2024-01-18
"1194","Programs","IKEA Foundation","historic","alliance",1,2024-01-18
"1195","Programs","IKEA Foundation","human","suffering",1,2024-01-18
"1196","Programs","IKEA Foundation","humanitarian","assistance",1,2024-01-18
"1197","Programs","IKEA Foundation","humanitarian","camps",1,2024-01-18
"1198","Programs","IKEA Foundation","humanitarian","emergency",1,2024-01-18
"1199","Programs","IKEA Foundation","humanitarian","organisations",1,2024-01-18
"1200","Programs","IKEA Foundation","humanitarian","system",1,2024-01-18
"1201","Programs","IKEA Foundation","improve","incomes",1,2024-01-18
"1202","Programs","IKEA Foundation","includes","replacing",1,2024-01-18
"1203","Programs","IKEA Foundation","inclusive","related",1,2024-01-18
"1204","Programs","IKEA Foundation","increasing","unemployment",1,2024-01-18
"1205","Programs","IKEA Foundation","india","agricultural",1,2024-01-18
"1206","Programs","IKEA Foundation","initiatives","progress",1,2024-01-18
"1207","Programs","IKEA Foundation","install","maintain",1,2024-01-18
"1208","Programs","IKEA Foundation","institute","poverty",1,2024-01-18
"1209","Programs","IKEA Foundation","internally","displaced",1,2024-01-18
"1210","Programs","IKEA Foundation","international","response",1,2024-01-18
"1211","Programs","IKEA Foundation","khaloom","bangalore",1,2024-01-18
"1212","Programs","IKEA Foundation","launch","renewables",1,2024-01-18
"1213","Programs","IKEA Foundation","leaving","rural",1,2024-01-18
"1214","Programs","IKEA Foundation","lifesaving","support",1,2024-01-18
"1215","Programs","IKEA Foundation","lighter","refugees",1,2024-01-18
"1216","Programs","IKEA Foundation","lights","donated",1,2024-01-18
"1217","Programs","IKEA Foundation","livelihood","opportunities",1,2024-01-18
"1218","Programs","IKEA Foundation","livelihoods","agricultural",1,2024-01-18
"1219","Programs","IKEA Foundation","livelihoods","october",1,2024-01-18
"1220","Programs","IKEA Foundation","livelihoods","planet",1,2024-01-18
"1221","Programs","IKEA Foundation","livelihoods","september",1,2024-01-18
"1222","Programs","IKEA Foundation","local","communities",1,2024-01-18
"1223","Programs","IKEA Foundation","local","resources",1,2024-01-18
"1224","Programs","IKEA Foundation","localised","economies",1,2024-01-18
"1225","Programs","IKEA Foundation","major","challenge",1,2024-01-18
"1226","Programs","IKEA Foundation","managed","village",1,2024-01-18
"1227","Programs","IKEA Foundation","million","grant",1,2024-01-18
"1228","Programs","IKEA Foundation","minimise","wasteat",1,2024-01-18
"1229","Programs","IKEA Foundation","modern","electricity",1,2024-01-18
"1230","Programs","IKEA Foundation","narmada","district",1,2024-01-18
"1231","Programs","IKEA Foundation","needsour","mission",1,2024-01-18
"1232","Programs","IKEA Foundation","neighbouring","communities",1,2024-01-18
"1233","Programs","IKEA Foundation","neighbouring","countries",1,2024-01-18
"1234","Programs","IKEA Foundation","northern","syria",1,2024-01-18
"1235","Programs","IKEA Foundation","northwest","syria",1,2024-01-18
"1236","Programs","IKEA Foundation","nyaruai","nyungu",1,2024-01-18
"1237","Programs","IKEA Foundation","nyungu","afrika",1,2024-01-18
"1238","Programs","IKEA Foundation","officially","inaugurated",1,2024-01-18
"1239","Programs","IKEA Foundation","pandemic","msfnorthwest",1,2024-01-18
"1240","Programs","IKEA Foundation","paris","agreement",1,2024-01-18
"1241","Programs","IKEA Foundation","partner","organisations",1,2024-01-18
"1242","Programs","IKEA Foundation","paying","attention",1,2024-01-18
"1243","Programs","IKEA Foundation","people","afford",1,2024-01-18
"1244","Programs","IKEA Foundation","people","including",1,2024-01-18
"1245","Programs","IKEA Foundation","people","renewable",1,2024-01-18
"1246","Programs","IKEA Foundation","people","start",1,2024-01-18
"1247","Programs","IKEA Foundation","philanthropic","organisations",1,2024-01-18
"1248","Programs","IKEA Foundation","planet","emissions",1,2024-01-18
"1249","Programs","IKEA Foundation","planet","march",1,2024-01-18
"1250","Programs","IKEA Foundation","planet","moving",1,2024-01-18
"1251","Programs","IKEA Foundation","planet","thrive",1,2024-01-18
"1252","Programs","IKEA Foundation","planting","trees",1,2024-01-18
"1253","Programs","IKEA Foundation","polluting","sources",1,2024-01-18
"1254","Programs","IKEA Foundation","polluting","water",1,2024-01-18
"1255","Programs","IKEA Foundation","poverty","employment",1,2024-01-18
"1256","Programs","IKEA Foundation","poverty","enviu",1,2024-01-18
"1257","Programs","IKEA Foundation","power","plant",1,2024-01-18
"1258","Programs","IKEA Foundation","power","shift",1,2024-01-18
"1259","Programs","IKEA Foundation","produce","nutritious",1,2024-01-18
"1260","Programs","IKEA Foundation","productive","farms",1,2024-01-18
"1261","Programs","IKEA Foundation","provide","emergency",1,2024-01-18
"1262","Programs","IKEA Foundation","providing","access",1,2024-01-18
"1263","Programs","IKEA Foundation","providing","employment",1,2024-01-18
"1264","Programs","IKEA Foundation","recycled","threads",1,2024-01-18
"1265","Programs","IKEA Foundation","reduce","greenhouse",1,2024-01-18
"1266","Programs","IKEA Foundation","reducing","expenditures",1,2024-01-18
"1267","Programs","IKEA Foundation","reduction","emissions",1,2024-01-18
"1268","Programs","IKEA Foundation","reductions","quickly",1,2024-01-18
"1269","Programs","IKEA Foundation","refugee","crisis",1,2024-01-18
"1270","Programs","IKEA Foundation","refugees","build",1,2024-01-18
"1271","Programs","IKEA Foundation","refugees","improve",1,2024-01-18
"1272","Programs","IKEA Foundation","refugees","living",1,2024-01-18
"1273","Programs","IKEA Foundation","refugees","progress",1,2024-01-18
"1274","Programs","IKEA Foundation","regenerative","agriculture",1,2024-01-18
"1275","Programs","IKEA Foundation","remain","constant",1,2024-01-18
"1276","Programs","IKEA Foundation","renewables","project",1,2024-01-18
"1277","Programs","IKEA Foundation","ren√©e","bruel",1,2024-01-18
"1278","Programs","IKEA Foundation","replacing","polluting",1,2024-01-18
"1279","Programs","IKEA Foundation","resources","institute",1,2024-01-18
"1280","Programs","IKEA Foundation","response","arrives",1,2024-01-18
"1281","Programs","IKEA Foundation","response","special",1,2024-01-18
"1282","Programs","IKEA Foundation","restorative","system",1,2024-01-18
"1283","Programs","IKEA Foundation","restore","biodiversity",1,2024-01-18
"1284","Programs","IKEA Foundation","reverse","damage",1,2024-01-18
"1285","Programs","IKEA Foundation","rising","causing",1,2024-01-18
"1286","Programs","IKEA Foundation","rural","areasbut",1,2024-01-18
"1287","Programs","IKEA Foundation","rural","communities",1,2024-01-18
"1288","Programs","IKEA Foundation","rural","settings",1,2024-01-18
"1289","Programs","IKEA Foundation","safety","shelter",1,2024-01-18
"1290","Programs","IKEA Foundation","sagai","forest",1,2024-01-18
"1291","Programs","IKEA Foundation","scale","sustainable",1,2024-01-18
"1292","Programs","IKEA Foundation","scientific","evidence",1,2024-01-18
"1293","Programs","IKEA Foundation","service","centre",1,2024-01-18
"1294","Programs","IKEA Foundation","share","evidence",1,2024-01-18
"1295","Programs","IKEA Foundation","shelters","funded",1,2024-01-18
"1296","Programs","IKEA Foundation","shift","africa",1,2024-01-18
"1297","Programs","IKEA Foundation","solar","technicians",1,2024-01-18
"1298","Programs","IKEA Foundation","solar","technology",1,2024-01-18
"1299","Programs","IKEA Foundation","start","paying",1,2024-01-18
"1300","Programs","IKEA Foundation","stories","themes",1,2024-01-18
"1301","Programs","IKEA Foundation","subsaharan","africa",1,2024-01-18
"1302","Programs","IKEA Foundation","superpower","september",1,2024-01-18
"1303","Programs","IKEA Foundation","support","entrepreneurs",1,2024-01-18
"1304","Programs","IKEA Foundation","support","february",1,2024-01-18
"1305","Programs","IKEA Foundation","support","initiatives",1,2024-01-18
"1306","Programs","IKEA Foundation","support","partners",1,2024-01-18
"1307","Programs","IKEA Foundation","support","productive",1,2024-01-18
"1308","Programs","IKEA Foundation","support","smallholder",1,2024-01-18
"1309","Programs","IKEA Foundation","supporting","refugees",1,2024-01-18
"1310","Programs","IKEA Foundation","supports","kalkeri",1,2024-01-18
"1311","Programs","IKEA Foundation","surrounding","communities",1,2024-01-18
"1312","Programs","IKEA Foundation","sustain","healthy",1,2024-01-18
"1313","Programs","IKEA Foundation","sustainable","economies",1,2024-01-18
"1314","Programs","IKEA Foundation","sustainable","models",1,2024-01-18
"1315","Programs","IKEA Foundation","swedish","nonprofit",1,2024-01-18
"1316","Programs","IKEA Foundation","syria","february",1,2024-01-18
"1317","Programs","IKEA Foundation","syrian","refugees",1,2024-01-18
"1318","Programs","IKEA Foundation","systems","generate",1,2024-01-18
"1319","Programs","IKEA Foundation","targets","related",1,2024-01-18
"1320","Programs","IKEA Foundation","testing","sharing",1,2024-01-18
"1321","Programs","IKEA Foundation","themes","agricultural",1,2024-01-18
"1322","Programs","IKEA Foundation","themes","climate",1,2024-01-18
"1323","Programs","IKEA Foundation","themes","emissions",1,2024-01-18
"1324","Programs","IKEA Foundation","themes","employment",1,2024-01-18
"1325","Programs","IKEA Foundation","themes","families",1,2024-01-18
"1326","Programs","IKEA Foundation","themes","refugee",1,2024-01-18
"1327","Programs","IKEA Foundation","themes","renewable",1,2024-01-18
"1328","Programs","IKEA Foundation","themes","special",1,2024-01-18
"1329","Programs","IKEA Foundation","transform","agriculture",1,2024-01-18
"1330","Programs","IKEA Foundation","trees","builds",1,2024-01-18
"1331","Programs","IKEA Foundation","tremendous","pressure",1,2024-01-18
"1332","Programs","IKEA Foundation","unemployment","continues",1,2024-01-18
"1333","Programs","IKEA Foundation","unite","stepping",1,2024-01-18
"1334","Programs","IKEA Foundation","united","nations",1,2024-01-18
"1335","Programs","IKEA Foundation","unrestricted","emergency",1,2024-01-18
"1336","Programs","IKEA Foundation","unrestricted","grants",1,2024-01-18
"1337","Programs","IKEA Foundation","unseen","emergencies",1,2024-01-18
"1338","Programs","IKEA Foundation","unsustainable","consumption",1,2024-01-18
"1339","Programs","IKEA Foundation","vibrant","communities",1,2024-01-18
"1340","Programs","IKEA Foundation","vienna","energy",1,2024-01-18
"1341","Programs","IKEA Foundation","village","fields",1,2024-01-18
"1342","Programs","IKEA Foundation","vulnerable","families",1,2024-01-18
"1343","Programs","IKEA Foundation","vulnerable","refugees",1,2024-01-18
"1344","Programs","IKEA Foundation","water","supplies",1,2024-01-18
"1345","Programs","IKEA Foundation","women","innovators",1,2024-01-18
"1346","Programs","IKEA Foundation","world","resources",1,2024-01-18
