"","word","category","institution","n","date"
"1","google","Learnings","IKEA Foundation",132,2024-01-20
"2","google","Programs","IKEA Foundation",84,2024-01-20
"3","settings","Learnings","IKEA Foundation",77,2024-01-20
"4","analytics","Learnings","IKEA Foundation",66,2024-01-20
"5","formid","Learnings","IKEA Foundation",66,2024-01-20
"6","manager","Learnings","IKEA Foundation",55,2024-01-20
"7","evaluation","Learnings","IKEA Foundation",52,2024-01-20
"8","settings","Programs","IKEA Foundation",50,2024-01-20
"9","currentpage","Learnings","IKEA Foundation",44,2024-01-20
"10","domain","Learnings","IKEA Foundation",44,2024-01-20
"11","fields","Learnings","IKEA Foundation",44,2024-01-20
"12","native","Learnings","IKEA Foundation",44,2024-01-20
"13","privacy","Learnings","IKEA Foundation",44,2024-01-20
"14","analytics","Programs","IKEA Foundation",42,2024-01-20
"15","formid","Programs","IKEA Foundation",42,2024-01-20
"16","foundation","Learnings","IKEA Foundation",38,2024-01-20
"17","impact","Learnings","IKEA Foundation",38,2024-01-20
"18","manager","Programs","IKEA Foundation",35,2024-01-20
"19","experience","Learnings","IKEA Foundation",34,2024-01-20
"20","external","Learnings","IKEA Foundation",33,2024-01-20
"21","importantbody","Learnings","IKEA Foundation",33,2024-01-20
"22","islayoutflow","Learnings","IKEA Foundation",33,2024-01-20
"23","scripts","Learnings","IKEA Foundation",33,2024-01-20
"24","visit","Learnings","IKEA Foundation",33,2024-01-20
"25","wpsiteblocks","Learnings","IKEA Foundation",33,2024-01-20
"26","partners","Learnings","IKEA Foundation",31,2024-01-20
"27","fields","Programs","IKEA Foundation",29,2024-01-20
"28","currentpage","Programs","IKEA Foundation",28,2024-01-20
"29","domain","Programs","IKEA Foundation",28,2024-01-20
"30","foundation","Programs","IKEA Foundation",28,2024-01-20
"31","native","Programs","IKEA Foundation",28,2024-01-20
"32","privacy","Programs","IKEA Foundation",28,2024-01-20
"33","programme","Learnings","IKEA Foundation",28,2024-01-20
"34","improve","Learnings","IKEA Foundation",27,2024-01-20
"35","change","Learnings","IKEA Foundation",25,2024-01-20
"36","learnings","Learnings","IKEA Foundation",24,2024-01-20
"37","report","Learnings","IKEA Foundation",24,2024-01-20
"38","energy","Programs","IKEA Foundation",23,2024-01-20
"39","enable","Learnings","IKEA Foundation",22,2024-01-20
"40","foundation","Grantmaking","IKEA Foundation",22,2024-01-20
"41","functional","Learnings","IKEA Foundation",22,2024-01-20
"42","functionevent","Learnings","IKEA Foundation",22,2024-01-20
"43","information","Learnings","IKEA Foundation",22,2024-01-20
"44","isredirect","Learnings","IKEA Foundation",22,2024-01-20
"45","localedata","Learnings","IKEA Foundation",22,2024-01-20
"46","marginleft","Learnings","IKEA Foundation",22,2024-01-20
"47","marginright","Learnings","IKEA Foundation",22,2024-01-20
"48","number","Learnings","IKEA Foundation",22,2024-01-20
"49","partners","Programs","IKEA Foundation",22,2024-01-20
"50","platform","Learnings","IKEA Foundation",22,2024-01-20
"51","rnscript","Learnings","IKEA Foundation",22,2024-01-20
"52","trust","Learnings","IKEA Foundation",22,2024-01-20
"53","values","Learnings","IKEA Foundation",22,2024-01-20
"54","experience","Programs","IKEA Foundation",21,2024-01-20
"55","external","Programs","IKEA Foundation",21,2024-01-20
"56","importantbody","Programs","IKEA Foundation",21,2024-01-20
"57","islayoutflow","Programs","IKEA Foundation",21,2024-01-20
"58","scripts","Programs","IKEA Foundation",21,2024-01-20
"59","visit","Programs","IKEA Foundation",21,2024-01-20
"60","wpsiteblocks","Programs","IKEA Foundation",21,2024-01-20
"61","change","Programs","IKEA Foundation",20,2024-01-20
"62","livelihoods","Learnings","IKEA Foundation",20,2024-01-20
"63","performance","Learnings","IKEA Foundation",19,2024-01-20
"64","business","Learnings","IKEA Foundation",18,2024-01-20
"65","governance","Learnings","IKEA Foundation",18,2024-01-20
"66","ladder","Learnings","IKEA Foundation",18,2024-01-20
"67","grant","Learnings","IKEA Foundation",17,2024-01-20
"68","people","Programs","IKEA Foundation",17,2024-01-20
"69","phase","Learnings","IKEA Foundation",17,2024-01-20
"70","refugee","Learnings","IKEA Foundation",17,2024-01-20
"71","climate","Programs","IKEA Foundation",16,2024-01-20
"72","improve","Programs","IKEA Foundation",16,2024-01-20
"73","climate","Grantmaking","IKEA Foundation",15,2024-01-20
"74","communities","Programs","IKEA Foundation",15,2024-01-20
"75","enable","Programs","IKEA Foundation",15,2024-01-20
"76","livelihoods","Programs","IKEA Foundation",15,2024-01-20
"77","number","Programs","IKEA Foundation",15,2024-01-20
"78","provide","Learnings","IKEA Foundation",15,2024-01-20
"79","trust","Programs","IKEA Foundation",15,2024-01-20
"80","functional","Programs","IKEA Foundation",14,2024-01-20
"81","functionevent","Programs","IKEA Foundation",14,2024-01-20
"82","impact","Programs","IKEA Foundation",14,2024-01-20
"83","information","Programs","IKEA Foundation",14,2024-01-20
"84","isredirect","Programs","IKEA Foundation",14,2024-01-20
"85","localedata","Programs","IKEA Foundation",14,2024-01-20
"86","marginleft","Programs","IKEA Foundation",14,2024-01-20
"87","marginright","Programs","IKEA Foundation",14,2024-01-20
"88","platform","Programs","IKEA Foundation",14,2024-01-20
"89","rnscript","Programs","IKEA Foundation",14,2024-01-20
"90","themes","Programs","IKEA Foundation",14,2024-01-20
"91","values","Programs","IKEA Foundation",14,2024-01-20
"92","apply","Learnings","IKEA Foundation",13,2024-01-20
"93","funding","Learnings","IKEA Foundation",13,2024-01-20
"94","including","Learnings","IKEA Foundation",13,2024-01-20
"95","learn","Learnings","IKEA Foundation",13,2024-01-20
"96","policy","Learnings","IKEA Foundation",13,2024-01-20
"97","renewable","Programs","IKEA Foundation",13,2024-01-20
"98","enables","Learnings","IKEA Foundation",12,2024-01-20
"99","google","Grantmaking","IKEA Foundation",12,2024-01-20
"100","making","Learnings","IKEA Foundation",12,2024-01-20
"101","measures","Learnings","IKEA Foundation",12,2024-01-20
"102","offered","Learnings","IKEA Foundation",12,2024-01-20
"103","refugees","Programs","IKEA Foundation",12,2024-01-20
"104","reports","Learnings","IKEA Foundation",12,2024-01-20
"105","review","Learnings","IKEA Foundation",12,2024-01-20
"106","sustainable","Learnings","IKEA Foundation",12,2024-01-20
"107","themes","Learnings","IKEA Foundation",12,2024-01-20
"108","accept","Learnings","IKEA Foundation",11,2024-01-20
"109","agency","Learnings","IKEA Foundation",11,2024-01-20
"110","agreement","Learnings","IKEA Foundation",11,2024-01-20
"111","allowed","Learnings","IKEA Foundation",11,2024-01-20
"112","annual","Learnings","IKEA Foundation",11,2024-01-20
"113","brand","Learnings","IKEA Foundation",11,2024-01-20
"114","browser","Learnings","IKEA Foundation",11,2024-01-20
"115","centerbody","Learnings","IKEA Foundation",11,2024-01-20
"116","choices","Learnings","IKEA Foundation",11,2024-01-20
"117","chrome","Learnings","IKEA Foundation",11,2024-01-20
"118","coalition","Learnings","IKEA Foundation",11,2024-01-20
"119","complete","Learnings","IKEA Foundation",11,2024-01-20
"120","concerns","Learnings","IKEA Foundation",11,2024-01-20
"121","contents","Learnings","IKEA Foundation",11,2024-01-20
"122","contractors","Learnings","IKEA Foundation",11,2024-01-20
"123","cookie","Learnings","IKEA Foundation",11,2024-01-20
"124","customdata","Learnings","IKEA Foundation",11,2024-01-20
"125","defaults","Learnings","IKEA Foundation",11,2024-01-20
"126","delay","Learnings","IKEA Foundation",11,2024-01-20
"127","dependents","Learnings","IKEA Foundation",11,2024-01-20
"128","development","Learnings","IKEA Foundation",11,2024-01-20
"129","device","Learnings","IKEA Foundation",11,2024-01-20
"130","documents","Learnings","IKEA Foundation",11,2024-01-20
"131","dollo","Learnings","IKEA Foundation",11,2024-01-20
"132","enhance","Learnings","IKEA Foundation",11,2024-01-20
"133","exceeds","Learnings","IKEA Foundation",11,2024-01-20
"134","falseelse","Learnings","IKEA Foundation",11,2024-01-20
"135","ffffontfamily","Learnings","IKEA Foundation",11,2024-01-20
"136","files","Learnings","IKEA Foundation",11,2024-01-20
"137","flexbody","Learnings","IKEA Foundation",11,2024-01-20
"138","formcontent","Learnings","IKEA Foundation",11,2024-01-20
"139","gettime","Learnings","IKEA Foundation",11,2024-01-20
"140","gfglobal","Learnings","IKEA Foundation",11,2024-01-20
"141","gflegacy","Learnings","IKEA Foundation",11,2024-01-20
"142","gflegacymulti","Learnings","IKEA Foundation",11,2024-01-20
"143","global","Grantmaking","IKEA Foundation",11,2024-01-20
"144","gridbody","Learnings","IKEA Foundation",11,2024-01-20
"145","iftypeof","Learnings","IKEA Foundation",11,2024-01-20
"146","inherit","Learnings","IKEA Foundation",11,2024-01-20
"147","inside","Learnings","IKEA Foundation",11,2024-01-20
"148","isform","Learnings","IKEA Foundation",11,2024-01-20
"149","islayoutflex","Learnings","IKEA Foundation",11,2024-01-20
"150","islayoutgrid","Learnings","IKEA Foundation",11,2024-01-20
"151","islegacy","Learnings","IKEA Foundation",11,2024-01-20
"152","ispostback","Learnings","IKEA Foundation",11,2024-01-20
"153","landscape","Learnings","IKEA Foundation",11,2024-01-20
"154","logic","Learnings","IKEA Foundation",11,2024-01-20
"155","marketing","Learnings","IKEA Foundation",11,2024-01-20
"156","milliseconds","Learnings","IKEA Foundation",11,2024-01-20
"157","misconduct","Learnings","IKEA Foundation",11,2024-01-20
"158","monthly","Learnings","IKEA Foundation",11,2024-01-20
"159","partner","Learnings","IKEA Foundation",11,2024-01-20
"160","parts","Learnings","IKEA Foundation",11,2024-01-20
"161","placeholders","Learnings","IKEA Foundation",11,2024-01-20
"162","pluraln","Learnings","IKEA Foundation",11,2024-01-20
"163","popular","Learnings","IKEA Foundation",11,2024-01-20
"164","preferences","Learnings","IKEA Foundation",11,2024-01-20
"165","press","Learnings","IKEA Foundation",11,2024-01-20
"166","problem","Learnings","IKEA Foundation",11,2024-01-20
"167","provide","Programs","IKEA Foundation",11,2024-01-20
"168","refugee","Programs","IKEA Foundation",11,2024-01-20
"169","reject","Learnings","IKEA Foundation",11,2024-01-20
"170","saved","Learnings","IKEA Foundation",11,2024-01-20
"171","saving","Learnings","IKEA Foundation",11,2024-01-20
"172","sbiajaxurl","Learnings","IKEA Foundation",11,2024-01-20
"173","scriptrn","Learnings","IKEA Foundation",11,2024-01-20
"174","service","Learnings","IKEA Foundation",11,2024-01-20
"175","setattribute","Learnings","IKEA Foundation",11,2024-01-20
"176","signing","Learnings","IKEA Foundation",11,2024-01-20
"177","solar","Programs","IKEA Foundation",11,2024-01-20
"178","stakeholders","Learnings","IKEA Foundation",11,2024-01-20
"179","stories","Learnings","IKEA Foundation",11,2024-01-20
"180","support","Programs","IKEA Foundation",11,2024-01-20
"181","targets","Learnings","IKEA Foundation",11,2024-01-20
"182","terms","Learnings","IKEA Foundation",11,2024-01-20
"183","tracks","Learnings","IKEA Foundation",11,2024-01-20
"184","traffic","Learnings","IKEA Foundation",11,2024-01-20
"185","translations","Learnings","IKEA Foundation",11,2024-01-20
"186","undefined","Learnings","IKEA Foundation",11,2024-01-20
"187","uploading","Learnings","IKEA Foundation",11,2024-01-20
"188","vacancies","Learnings","IKEA Foundation",11,2024-01-20
"189","visitors","Learnings","IKEA Foundation",11,2024-01-20
"190","visits","Learnings","IKEA Foundation",11,2024-01-20
"191","vogdprcfront","Learnings","IKEA Foundation",11,2024-01-20
"192","emergency","Programs","IKEA Foundation",10,2024-01-20
"193","funding","Programs","IKEA Foundation",10,2024-01-20
"194","making","Programs","IKEA Foundation",10,2024-01-20
"195","shareaction","Learnings","IKEA Foundation",10,2024-01-20
"196","africa","Programs","IKEA Foundation",9,2024-01-20
"197","emissions","Learnings","IKEA Foundation",9,2024-01-20
"198","ethiopia","Learnings","IKEA Foundation",9,2024-01-20
"199","grant","Programs","IKEA Foundation",9,2024-01-20
"200","implementing","Learnings","IKEA Foundation",9,2024-01-20
"201","india","Learnings","IKEA Foundation",9,2024-01-20
"202","publication","Learnings","IKEA Foundation",9,2024-01-20
"203","agreement","Programs","IKEA Foundation",8,2024-01-20
"204","annual","Programs","IKEA Foundation",8,2024-01-20
"205","climate","Learnings","IKEA Foundation",8,2024-01-20
"206","energy","Grantmaking","IKEA Foundation",8,2024-01-20
"207","families","Programs","IKEA Foundation",8,2024-01-20
"208","including","Programs","IKEA Foundation",8,2024-01-20
"209","parts","Programs","IKEA Foundation",8,2024-01-20
"210","planet","Programs","IKEA Foundation",8,2024-01-20
"211","problem","Programs","IKEA Foundation",8,2024-01-20
"212","service","Programs","IKEA Foundation",8,2024-01-20
"213","accept","Programs","IKEA Foundation",7,2024-01-20
"214","allowed","Programs","IKEA Foundation",7,2024-01-20
"215","analytics","Grantmaking","IKEA Foundation",7,2024-01-20
"216","apply","Programs","IKEA Foundation",7,2024-01-20
"217","articles","Programs","IKEA Foundation",7,2024-01-20
"218","based","Learnings","IKEA Foundation",7,2024-01-20
"219","brand","Programs","IKEA Foundation",7,2024-01-20
"220","browser","Programs","IKEA Foundation",7,2024-01-20
"221","centerbody","Programs","IKEA Foundation",7,2024-01-20
"222","choices","Programs","IKEA Foundation",7,2024-01-20
"223","chrome","Programs","IKEA Foundation",7,2024-01-20
"224","committed","Programs","IKEA Foundation",7,2024-01-20
"225","complete","Programs","IKEA Foundation",7,2024-01-20
"226","concerns","Programs","IKEA Foundation",7,2024-01-20
"227","contents","Programs","IKEA Foundation",7,2024-01-20
"228","contractors","Programs","IKEA Foundation",7,2024-01-20
"229","cookie","Programs","IKEA Foundation",7,2024-01-20
"230","customdata","Programs","IKEA Foundation",7,2024-01-20
"231","defaults","Programs","IKEA Foundation",7,2024-01-20
"232","delay","Programs","IKEA Foundation",7,2024-01-20
"233","dependents","Programs","IKEA Foundation",7,2024-01-20
"234","device","Programs","IKEA Foundation",7,2024-01-20
"235","documents","Programs","IKEA Foundation",7,2024-01-20
"236","employment","Programs","IKEA Foundation",7,2024-01-20
"237","enables","Programs","IKEA Foundation",7,2024-01-20
"238","enhance","Programs","IKEA Foundation",7,2024-01-20
"239","evaluations","Learnings","IKEA Foundation",7,2024-01-20
"240","evidence","Learnings","IKEA Foundation",7,2024-01-20
"241","exceeds","Programs","IKEA Foundation",7,2024-01-20
"242","falseelse","Programs","IKEA Foundation",7,2024-01-20
"243","ffffontfamily","Programs","IKEA Foundation",7,2024-01-20
"244","files","Programs","IKEA Foundation",7,2024-01-20
"245","flexbody","Programs","IKEA Foundation",7,2024-01-20
"246","formcontent","Programs","IKEA Foundation",7,2024-01-20
"247","gettime","Programs","IKEA Foundation",7,2024-01-20
"248","gfglobal","Programs","IKEA Foundation",7,2024-01-20
"249","gflegacy","Programs","IKEA Foundation",7,2024-01-20
"250","gflegacymulti","Programs","IKEA Foundation",7,2024-01-20
"251","governance","Programs","IKEA Foundation",7,2024-01-20
"252","gridbody","Programs","IKEA Foundation",7,2024-01-20
"253","helping","Programs","IKEA Foundation",7,2024-01-20
"254","iftypeof","Programs","IKEA Foundation",7,2024-01-20
"255","inherit","Programs","IKEA Foundation",7,2024-01-20
"256","initiative","Learnings","IKEA Foundation",7,2024-01-20
"257","initiatives","Programs","IKEA Foundation",7,2024-01-20
"258","inside","Programs","IKEA Foundation",7,2024-01-20
"259","institute","Grantmaking","IKEA Foundation",7,2024-01-20
"260","international","Grantmaking","IKEA Foundation",7,2024-01-20
"261","investment","Learnings","IKEA Foundation",7,2024-01-20
"262","isform","Programs","IKEA Foundation",7,2024-01-20
"263","islayoutflex","Programs","IKEA Foundation",7,2024-01-20
"264","islayoutgrid","Programs","IKEA Foundation",7,2024-01-20
"265","islegacy","Programs","IKEA Foundation",7,2024-01-20
"266","ispostback","Programs","IKEA Foundation",7,2024-01-20
"267","jordan","Learnings","IKEA Foundation",7,2024-01-20
"268","kenya","Learnings","IKEA Foundation",7,2024-01-20
"269","learn","Programs","IKEA Foundation",7,2024-01-20
"270","learnings","Programs","IKEA Foundation",7,2024-01-20
"271","logic","Programs","IKEA Foundation",7,2024-01-20
"272","marketing","Programs","IKEA Foundation",7,2024-01-20
"273","measures","Programs","IKEA Foundation",7,2024-01-20
"274","million","Programs","IKEA Foundation",7,2024-01-20
"275","milliseconds","Programs","IKEA Foundation",7,2024-01-20
"276","misconduct","Programs","IKEA Foundation",7,2024-01-20
"277","monthly","Programs","IKEA Foundation",7,2024-01-20
"278","mount","Learnings","IKEA Foundation",7,2024-01-20
"279","offered","Programs","IKEA Foundation",7,2024-01-20
"280","placeholders","Programs","IKEA Foundation",7,2024-01-20
"281","pluraln","Programs","IKEA Foundation",7,2024-01-20
"282","policy","Programs","IKEA Foundation",7,2024-01-20
"283","popular","Programs","IKEA Foundation",7,2024-01-20
"284","preferences","Programs","IKEA Foundation",7,2024-01-20
"285","press","Programs","IKEA Foundation",7,2024-01-20
"286","previous","Programs","IKEA Foundation",7,2024-01-20
"287","reject","Programs","IKEA Foundation",7,2024-01-20
"288","related","Programs","IKEA Foundation",7,2024-01-20
"289","report","Programs","IKEA Foundation",7,2024-01-20
"290","reports","Programs","IKEA Foundation",7,2024-01-20
"291","response","Programs","IKEA Foundation",7,2024-01-20
"292","review","Programs","IKEA Foundation",7,2024-01-20
"293","saved","Programs","IKEA Foundation",7,2024-01-20
"294","saving","Programs","IKEA Foundation",7,2024-01-20
"295","sbiajaxurl","Programs","IKEA Foundation",7,2024-01-20
"296","scriptrn","Programs","IKEA Foundation",7,2024-01-20
"297","setattribute","Programs","IKEA Foundation",7,2024-01-20
"298","settings","Grantmaking","IKEA Foundation",7,2024-01-20
"299","signing","Programs","IKEA Foundation",7,2024-01-20
"300","stakeholders","Programs","IKEA Foundation",7,2024-01-20
"301","stories","Programs","IKEA Foundation",7,2024-01-20
"302","strategy","Learnings","IKEA Foundation",7,2024-01-20
"303","sustainable","Programs","IKEA Foundation",7,2024-01-20
"304","systems","Programs","IKEA Foundation",7,2024-01-20
"305","terms","Programs","IKEA Foundation",7,2024-01-20
"306","tracks","Programs","IKEA Foundation",7,2024-01-20
"307","traffic","Programs","IKEA Foundation",7,2024-01-20
"308","translations","Programs","IKEA Foundation",7,2024-01-20
"309","undefined","Programs","IKEA Foundation",7,2024-01-20
"310","uploading","Programs","IKEA Foundation",7,2024-01-20
"311","vacancies","Programs","IKEA Foundation",7,2024-01-20
"312","visitors","Programs","IKEA Foundation",7,2024-01-20
"313","visits","Programs","IKEA Foundation",7,2024-01-20
"314","vogdprcfront","Programs","IKEA Foundation",7,2024-01-20
"315","world","Grantmaking","IKEA Foundation",7,2024-01-20
"316","action","Programs","IKEA Foundation",6,2024-01-20
"317","certificate","Learnings","IKEA Foundation",6,2024-01-20
"318","development","Grantmaking","IKEA Foundation",6,2024-01-20
"319","effectiveness","Learnings","IKEA Foundation",6,2024-01-20
"320","emissions","Programs","IKEA Foundation",6,2024-01-20
"321","entrepreneurs","Programs","IKEA Foundation",6,2024-01-20
"322","environmental","Programs","IKEA Foundation",6,2024-01-20
"323","formid","Grantmaking","IKEA Foundation",6,2024-01-20
"324","grants","Grantmaking","IKEA Foundation",6,2024-01-20
"325","living","Programs","IKEA Foundation",6,2024-01-20
"326","partners","Grantmaking","IKEA Foundation",6,2024-01-20
"327","people","Learnings","IKEA Foundation",6,2024-01-20
"328","poverty","Programs","IKEA Foundation",6,2024-01-20
"329","power","Programs","IKEA Foundation",6,2024-01-20
"330","science","Learnings","IKEA Foundation",6,2024-01-20
"331","supported","Learnings","IKEA Foundation",6,2024-01-20
"332","access","Programs","IKEA Foundation",5,2024-01-20
"333","alliance","Grantmaking","IKEA Foundation",5,2024-01-20
"334","build","Programs","IKEA Foundation",5,2024-01-20
"335","camps","Programs","IKEA Foundation",5,2024-01-20
"336","centre","Grantmaking","IKEA Foundation",5,2024-01-20
"337","change","Grantmaking","IKEA Foundation",5,2024-01-20
"338","changemakers","Programs","IKEA Foundation",5,2024-01-20
"339","commissioned","Learnings","IKEA Foundation",5,2024-01-20
"340","companies","Learnings","IKEA Foundation",5,2024-01-20
"341","council","Grantmaking","IKEA Foundation",5,2024-01-20
"342","economic","Learnings","IKEA Foundation",5,2024-01-20
"343","economic","Programs","IKEA Foundation",5,2024-01-20
"344","global","Programs","IKEA Foundation",5,2024-01-20
"345","grant","Grantmaking","IKEA Foundation",5,2024-01-20
"346","humanitarian","Programs","IKEA Foundation",5,2024-01-20
"347","impact","Grantmaking","IKEA Foundation",5,2024-01-20
"348","india","Programs","IKEA Foundation",5,2024-01-20
"349","manager","Grantmaking","IKEA Foundation",5,2024-01-20
"350","reduction","Programs","IKEA Foundation",5,2024-01-20
"351","research","Learnings","IKEA Foundation",5,2024-01-20
"352","university","Learnings","IKEA Foundation",5,2024-01-20
"353","world","Programs","IKEA Foundation",5,2024-01-20
"354","address","Programs","IKEA Foundation",4,2024-01-20
"355","agricultural","Programs","IKEA Foundation",4,2024-01-20
"356","amount","Grantmaking","IKEA Foundation",4,2024-01-20
"357","archive","Learnings","IKEA Foundation",4,2024-01-20
"358","carbon","Learnings","IKEA Foundation",4,2024-01-20
"359","centre","Programs","IKEA Foundation",4,2024-01-20
"360","create","Programs","IKEA Foundation",4,2024-01-20
"361","currentpage","Grantmaking","IKEA Foundation",4,2024-01-20
"362","domain","Grantmaking","IKEA Foundation",4,2024-01-20
"363","electricity","Programs","IKEA Foundation",4,2024-01-20
"364","existing","Learnings","IKEA Foundation",4,2024-01-20
"365","farmers","Programs","IKEA Foundation",4,2024-01-20
"366","fields","Grantmaking","IKEA Foundation",4,2024-01-20
"367","findings","Learnings","IKEA Foundation",4,2024-01-20
"368","future","Learnings","IKEA Foundation",4,2024-01-20
"369","future","Programs","IKEA Foundation",4,2024-01-20
"370","generate","Programs","IKEA Foundation",4,2024-01-20
"371","geographic","Grantmaking","IKEA Foundation",4,2024-01-20
"372","granted","Grantmaking","IKEA Foundation",4,2024-01-20
"373","growing","Programs","IKEA Foundation",4,2024-01-20
"374","health","Programs","IKEA Foundation",4,2024-01-20
"375","impacts","Learnings","IKEA Foundation",4,2024-01-20
"376","lessons","Learnings","IKEA Foundation",4,2024-01-20
"377","management","Learnings","IKEA Foundation",4,2024-01-20
"378","nations","Grantmaking","IKEA Foundation",4,2024-01-20
"379","native","Grantmaking","IKEA Foundation",4,2024-01-20
"380","opportunities","Programs","IKEA Foundation",4,2024-01-20
"381","organisations","Learnings","IKEA Foundation",4,2024-01-20
"382","organisations","Programs","IKEA Foundation",4,2024-01-20
"383","partner","Grantmaking","IKEA Foundation",4,2024-01-20
"384","people","Grantmaking","IKEA Foundation",4,2024-01-20
"385","planet","Learnings","IKEA Foundation",4,2024-01-20
"386","privacy","Grantmaking","IKEA Foundation",4,2024-01-20
"387","process","Learnings","IKEA Foundation",4,2024-01-20
"388","procurement","Learnings","IKEA Foundation",4,2024-01-20
"389","programmes","Learnings","IKEA Foundation",4,2024-01-20
"390","reduce","Learnings","IKEA Foundation",4,2024-01-20
"391","stichting","Grantmaking","IKEA Foundation",4,2024-01-20
"392","total","Grantmaking","IKEA Foundation",4,2024-01-20
"393","trust","Grantmaking","IKEA Foundation",4,2024-01-20
"394","united","Grantmaking","IKEA Foundation",4,2024-01-20
"395","vulnerable","Programs","IKEA Foundation",4,2024-01-20
"396","world","Learnings","IKEA Foundation",4,2024-01-20
"397","accelerate","Programs","IKEA Foundation",3,2024-01-20
"398","action","Grantmaking","IKEA Foundation",3,2024-01-20
"399","action","Learnings","IKEA Foundation",3,2024-01-20
"400","africa","Grantmaking","IKEA Foundation",3,2024-01-20
"401","agency","Programs","IKEA Foundation",3,2024-01-20
"402","agriculture","Learnings","IKEA Foundation",3,2024-01-20
"403","agriculture","Programs","IKEA Foundation",3,2024-01-20
"404","ambitious","Learnings","IKEA Foundation",3,2024-01-20
"405","august","Learnings","IKEA Foundation",3,2024-01-20
"406","business","Grantmaking","IKEA Foundation",3,2024-01-20
"407","centre","Learnings","IKEA Foundation",3,2024-01-20
"408","conducted","Learnings","IKEA Foundation",3,2024-01-20
"409","consulting","Learnings","IKEA Foundation",3,2024-01-20
"410","damage","Programs","IKEA Foundation",3,2024-01-20
"411","delft","Learnings","IKEA Foundation",3,2024-01-20
"412","disasters","Programs","IKEA Foundation",3,2024-01-20
"413","economies","Programs","IKEA Foundation",3,2024-01-20
"414","environment","Grantmaking","IKEA Foundation",3,2024-01-20
"415","experience","Grantmaking","IKEA Foundation",3,2024-01-20
"416","external","Grantmaking","IKEA Foundation",3,2024-01-20
"417","forum","Grantmaking","IKEA Foundation",3,2024-01-20
"418","global","Learnings","IKEA Foundation",3,2024-01-20
"419","governments","Programs","IKEA Foundation",3,2024-01-20
"420","greenhouse","Programs","IKEA Foundation",3,2024-01-20
"421","identified","Learnings","IKEA Foundation",3,2024-01-20
"422","importantbody","Grantmaking","IKEA Foundation",3,2024-01-20
"423","improve","Grantmaking","IKEA Foundation",3,2024-01-20
"424","independent","Learnings","IKEA Foundation",3,2024-01-20
"425","inform","Learnings","IKEA Foundation",3,2024-01-20
"426","innovation","Grantmaking","IKEA Foundation",3,2024-01-20
"427","insights","Learnings","IKEA Foundation",3,2024-01-20
"428","islayoutflow","Grantmaking","IKEA Foundation",3,2024-01-20
"429","launched","Learnings","IKEA Foundation",3,2024-01-20
"430","lights","Programs","IKEA Foundation",3,2024-01-20
"431","making","Grantmaking","IKEA Foundation",3,2024-01-20
"432","mathematica","Learnings","IKEA Foundation",3,2024-01-20
"433","metrics","Learnings","IKEA Foundation",3,2024-01-20
"434","million","Learnings","IKEA Foundation",3,2024-01-20
"435","night","Programs","IKEA Foundation",3,2024-01-20
"436","organisation","Learnings","IKEA Foundation",3,2024-01-20
"437","oxford","Learnings","IKEA Foundation",3,2024-01-20
"438","participants","Learnings","IKEA Foundation",3,2024-01-20
"439","partnership","Grantmaking","IKEA Foundation",3,2024-01-20
"440","place","Programs","IKEA Foundation",3,2024-01-20
"441","programs","Grantmaking","IKEA Foundation",3,2024-01-20
"442","refugee","Grantmaking","IKEA Foundation",3,2024-01-20
"443","rural","Programs","IKEA Foundation",3,2024-01-20
"444","scripts","Grantmaking","IKEA Foundation",3,2024-01-20
"445","september","Programs","IKEA Foundation",3,2024-01-20
"446","sharing","Learnings","IKEA Foundation",3,2024-01-20
"447","special","Programs","IKEA Foundation",3,2024-01-20
"448","street","Programs","IKEA Foundation",3,2024-01-20
"449","studies","Learnings","IKEA Foundation",3,2024-01-20
"450","support","Learnings","IKEA Foundation",3,2024-01-20
"451","supports","Programs","IKEA Foundation",3,2024-01-20
"452","syria","Programs","IKEA Foundation",3,2024-01-20
"453","system","Learnings","IKEA Foundation",3,2024-01-20
"454","system","Programs","IKEA Foundation",3,2024-01-20
"455","technology","Programs","IKEA Foundation",3,2024-01-20
"456","theory","Learnings","IKEA Foundation",3,2024-01-20
"457","values","Grantmaking","IKEA Foundation",3,2024-01-20
"458","visit","Grantmaking","IKEA Foundation",3,2024-01-20
"459","water","Programs","IKEA Foundation",3,2024-01-20
"460","women","Learnings","IKEA Foundation",3,2024-01-20
"461","working","Programs","IKEA Foundation",3,2024-01-20
"462","wpsiteblocks","Grantmaking","IKEA Foundation",3,2024-01-20
"463","accelerate","Learnings","IKEA Foundation",2,2024-01-20
"464","accounting","Grantmaking","IKEA Foundation",2,2024-01-20
"465","achieve","Programs","IKEA Foundation",2,2024-01-20
"466","achieved","Learnings","IKEA Foundation",2,2024-01-20
"467","adopt","Learnings","IKEA Foundation",2,2024-01-20
"468","advantage","Learnings","IKEA Foundation",2,2024-01-20
"469","afford","Programs","IKEA Foundation",2,2024-01-20
"470","agricultural","Grantmaking","IKEA Foundation",2,2024-01-20
"471","alliance","Learnings","IKEA Foundation",2,2024-01-20
"472","announcement","Programs","IKEA Foundation",2,2024-01-20
"473","archive","Grantmaking","IKEA Foundation",2,2024-01-20
"474","assistance","Programs","IKEA Foundation",2,2024-01-20
"475","bangladesh","Grantmaking","IKEA Foundation",2,2024-01-20
"476","bidding","Learnings","IKEA Foundation",2,2024-01-20
"477","billion","Programs","IKEA Foundation",2,2024-01-20
"478","business","Programs","IKEA Foundation",2,2024-01-20
"479","businesses","Learnings","IKEA Foundation",2,2024-01-20
"480","businesses","Programs","IKEA Foundation",2,2024-01-20
"481","carbon","Grantmaking","IKEA Foundation",2,2024-01-20
"482","causing","Programs","IKEA Foundation",2,2024-01-20
"483","challenges","Programs","IKEA Foundation",2,2024-01-20
"484","changing","Programs","IKEA Foundation",2,2024-01-20
"485","children","Programs","IKEA Foundation",2,2024-01-20
"486","clinic","Programs","IKEA Foundation",2,2024-01-20
"487","collaboration","Grantmaking","IKEA Foundation",2,2024-01-20
"488","collaboration","Programs","IKEA Foundation",2,2024-01-20
"489","commission","Learnings","IKEA Foundation",2,2024-01-20
"490","commits","Programs","IKEA Foundation",2,2024-01-20
"491","committed","Learnings","IKEA Foundation",2,2024-01-20
"492","committee","Grantmaking","IKEA Foundation",2,2024-01-20
"493","conduct","Learnings","IKEA Foundation",2,2024-01-20
"494","considered","Learnings","IKEA Foundation",2,2024-01-20
"495","constant","Programs","IKEA Foundation",2,2024-01-20
"496","construction","Programs","IKEA Foundation",2,2024-01-20
"497","cooperatives","Programs","IKEA Foundation",2,2024-01-20
"498","countries","Grantmaking","IKEA Foundation",2,2024-01-20
"499","countries","Programs","IKEA Foundation",2,2024-01-20
"500","critical","Programs","IKEA Foundation",2,2024-01-20
"501","culture","Learnings","IKEA Foundation",2,2024-01-20
"502","dalberg","Learnings","IKEA Foundation",2,2024-01-20
"503","dataset","Grantmaking","IKEA Foundation",2,2024-01-20
"504","decided","Learnings","IKEA Foundation",2,2024-01-20
"505","deliver","Programs","IKEA Foundation",2,2024-01-20
"506","displaced","Programs","IKEA Foundation",2,2024-01-20
"507","displacement","Grantmaking","IKEA Foundation",2,2024-01-20
"508","donation","Grantmaking","IKEA Foundation",2,2024-01-20
"509","drastically","Programs","IKEA Foundation",2,2024-01-20
"510","easier","Programs","IKEA Foundation",2,2024-01-20
"511","ecological","Grantmaking","IKEA Foundation",2,2024-01-20
"512","economically","Learnings","IKEA Foundation",2,2024-01-20
"513","ecosystem","Learnings","IKEA Foundation",2,2024-01-20
"514","emergencies","Programs","IKEA Foundation",2,2024-01-20
"515","emergency","Grantmaking","IKEA Foundation",2,2024-01-20
"516","empower","Learnings","IKEA Foundation",2,2024-01-20
"517","empower","Programs","IKEA Foundation",2,2024-01-20
"518","empowerment","Learnings","IKEA Foundation",2,2024-01-20
"519","enable","Grantmaking","IKEA Foundation",2,2024-01-20
"520","enabling","Learnings","IKEA Foundation",2,2024-01-20
"521","ensure","Learnings","IKEA Foundation",2,2024-01-20
"522","environmental","Learnings","IKEA Foundation",2,2024-01-20
"523","estimate","Learnings","IKEA Foundation",2,2024-01-20
"524","european","Grantmaking","IKEA Foundation",2,2024-01-20
"525","evidence","Programs","IKEA Foundation",2,2024-01-20
"526","expanding","Learnings","IKEA Foundation",2,2024-01-20
"527","explore","Learnings","IKEA Foundation",2,2024-01-20
"528","facilities","Programs","IKEA Foundation",2,2024-01-20
"529","farmers","Learnings","IKEA Foundation",2,2024-01-20
"530","farming","Programs","IKEA Foundation",2,2024-01-20
"531","feasibility","Learnings","IKEA Foundation",2,2024-01-20
"532","february","Programs","IKEA Foundation",2,2024-01-20
"533","financials","Grantmaking","IKEA Foundation",2,2024-01-20
"534","force","Programs","IKEA Foundation",2,2024-01-20
"535","friendly","Learnings","IKEA Foundation",2,2024-01-20
"536","functional","Grantmaking","IKEA Foundation",2,2024-01-20
"537","functionevent","Grantmaking","IKEA Foundation",2,2024-01-20
"538","funded","Learnings","IKEA Foundation",2,2024-01-20
"539","funded","Programs","IKEA Foundation",2,2024-01-20
"540","funders","Learnings","IKEA Foundation",2,2024-01-20
"541","general","Learnings","IKEA Foundation",2,2024-01-20
"542","grants","Learnings","IKEA Foundation",2,2024-01-20
"543","group","Grantmaking","IKEA Foundation",2,2024-01-20
"544","group","Learnings","IKEA Foundation",2,2024-01-20
"545","growth","Programs","IKEA Foundation",2,2024-01-20
"546","heart","Learnings","IKEA Foundation",2,2024-01-20
"547","helps","Learnings","IKEA Foundation",2,2024-01-20
"548","hours","Programs","IKEA Foundation",2,2024-01-20
"549","impacts","Programs","IKEA Foundation",2,2024-01-20
"550","implemented","Learnings","IKEA Foundation",2,2024-01-20
"551","included","Grantmaking","IKEA Foundation",2,2024-01-20
"552","including","Grantmaking","IKEA Foundation",2,2024-01-20
"553","inclusive","Programs","IKEA Foundation",2,2024-01-20
"554","increase","Grantmaking","IKEA Foundation",2,2024-01-20
"555","increase","Learnings","IKEA Foundation",2,2024-01-20
"556","information","Grantmaking","IKEA Foundation",2,2024-01-20
"557","initiative","Grantmaking","IKEA Foundation",2,2024-01-20
"558","initiatives","Grantmaking","IKEA Foundation",2,2024-01-20
"559","innovation","Programs","IKEA Foundation",2,2024-01-20
"560","insight","Learnings","IKEA Foundation",2,2024-01-20
"561","installation","Programs","IKEA Foundation",2,2024-01-20
"562","instrument","Learnings","IKEA Foundation",2,2024-01-20
"563","intended","Learnings","IKEA Foundation",2,2024-01-20
"564","interventions","Learnings","IKEA Foundation",2,2024-01-20
"565","investing","Programs","IKEA Foundation",2,2024-01-20
"566","investments","Learnings","IKEA Foundation",2,2024-01-20
"567","isredirect","Grantmaking","IKEA Foundation",2,2024-01-20
"568","issues","Programs","IKEA Foundation",2,2024-01-20
"569","kalkeri","Programs","IKEA Foundation",2,2024-01-20
"570","kenya","Grantmaking","IKEA Foundation",2,2024-01-20
"571","largest","Learnings","IKEA Foundation",2,2024-01-20
"572","leadership","Learnings","IKEA Foundation",2,2024-01-20
"573","learn","Grantmaking","IKEA Foundation",2,2024-01-20
"574","learned","Learnings","IKEA Foundation",2,2024-01-20
"575","learning","Grantmaking","IKEA Foundation",2,2024-01-20
"576","learning","Learnings","IKEA Foundation",2,2024-01-20
"577","learnings","Grantmaking","IKEA Foundation",2,2024-01-20
"578","literature","Learnings","IKEA Foundation",2,2024-01-20
"579","livelihoods","Grantmaking","IKEA Foundation",2,2024-01-20
"580","lives","Programs","IKEA Foundation",2,2024-01-20
"581","local","Programs","IKEA Foundation",2,2024-01-20
"582","localedata","Grantmaking","IKEA Foundation",2,2024-01-20
"583","managed","Learnings","IKEA Foundation",2,2024-01-20
"584","march","Programs","IKEA Foundation",2,2024-01-20
"585","marginleft","Grantmaking","IKEA Foundation",2,2024-01-20
"586","marginright","Grantmaking","IKEA Foundation",2,2024-01-20
"587","measure","Learnings","IKEA Foundation",2,2024-01-20
"588","melkadida","Programs","IKEA Foundation",2,2024-01-20
"589","methods","Learnings","IKEA Foundation",2,2024-01-20
"590","millions","Programs","IKEA Foundation",2,2024-01-20
"591","model","Learnings","IKEA Foundation",2,2024-01-20
"592","monitoring","Learnings","IKEA Foundation",2,2024-01-20
"593","nations","Learnings","IKEA Foundation",2,2024-01-20
"594","nederland","Grantmaking","IKEA Foundation",2,2024-01-20
"595","neighbouring","Programs","IKEA Foundation",2,2024-01-20
"596","netherlands","Grantmaking","IKEA Foundation",2,2024-01-20
"597","netherlands","Learnings","IKEA Foundation",2,2024-01-20
"598","number","Grantmaking","IKEA Foundation",2,2024-01-20
"599","obtain","Learnings","IKEA Foundation",2,2024-01-20
"600","operation","Learnings","IKEA Foundation",2,2024-01-20
"601","operations","Learnings","IKEA Foundation",2,2024-01-20
"602","organisation","Grantmaking","IKEA Foundation",2,2024-01-20
"603","owned","Learnings","IKEA Foundation",2,2024-01-20
"604","partner","Programs","IKEA Foundation",2,2024-01-20
"605","payment","Learnings","IKEA Foundation",2,2024-01-20
"606","philanthropy","Grantmaking","IKEA Foundation",2,2024-01-20
"607","planet","Grantmaking","IKEA Foundation",2,2024-01-20
"608","plant","Programs","IKEA Foundation",2,2024-01-20
"609","platform","Grantmaking","IKEA Foundation",2,2024-01-20
"610","policy","Grantmaking","IKEA Foundation",2,2024-01-20
"611","polluting","Programs","IKEA Foundation",2,2024-01-20
"612","priorities","Learnings","IKEA Foundation",2,2024-01-20
"613","private","Learnings","IKEA Foundation",2,2024-01-20
"614","programmatic","Learnings","IKEA Foundation",2,2024-01-20
"615","programmes","Programs","IKEA Foundation",2,2024-01-20
"616","progress","Programs","IKEA Foundation",2,2024-01-20
"617","project","Grantmaking","IKEA Foundation",2,2024-01-20
"618","project","Learnings","IKEA Foundation",2,2024-01-20
"619","project","Programs","IKEA Foundation",2,2024-01-20
"620","projects","Learnings","IKEA Foundation",2,2024-01-20
"621","protect","Programs","IKEA Foundation",2,2024-01-20
"622","protecting","Programs","IKEA Foundation",2,2024-01-20
"623","providing","Programs","IKEA Foundation",2,2024-01-20
"624","public","Programs","IKEA Foundation",2,2024-01-20
"625","purpose","Grantmaking","IKEA Foundation",2,2024-01-20
"626","questions","Learnings","IKEA Foundation",2,2024-01-20
"627","quickly","Programs","IKEA Foundation",2,2024-01-20
"628","rainforest","Learnings","IKEA Foundation",2,2024-01-20
"629","reach","Grantmaking","IKEA Foundation",2,2024-01-20
"630","receive","Learnings","IKEA Foundation",2,2024-01-20
"631","reducing","Programs","IKEA Foundation",2,2024-01-20
"632","reduction","Learnings","IKEA Foundation",2,2024-01-20
"633","regenerative","Learnings","IKEA Foundation",2,2024-01-20
"634","renewal","Learnings","IKEA Foundation",2,2024-01-20
"635","required","Learnings","IKEA Foundation",2,2024-01-20
"636","research","Programs","IKEA Foundation",2,2024-01-20
"637","resilience","Grantmaking","IKEA Foundation",2,2024-01-20
"638","resources","Grantmaking","IKEA Foundation",2,2024-01-20
"639","resources","Programs","IKEA Foundation",2,2024-01-20
"640","respond","Programs","IKEA Foundation",2,2024-01-20
"641","results","Grantmaking","IKEA Foundation",2,2024-01-20
"642","results","Learnings","IKEA Foundation",2,2024-01-20
"643","retrospective","Learnings","IKEA Foundation",2,2024-01-20
"644","returns","Learnings","IKEA Foundation",2,2024-01-20
"645","rnscript","Grantmaking","IKEA Foundation",2,2024-01-20
"646","sabriina","Learnings","IKEA Foundation",2,2024-01-20
"647","sangeet","Programs","IKEA Foundation",2,2024-01-20
"648","scale","Programs","IKEA Foundation",2,2024-01-20
"649","school","Grantmaking","IKEA Foundation",2,2024-01-20
"650","school","Programs","IKEA Foundation",2,2024-01-20
"651","scope","Learnings","IKEA Foundation",2,2024-01-20
"652","sector","Learnings","IKEA Foundation",2,2024-01-20
"653","selco","Programs","IKEA Foundation",2,2024-01-20
"654","selfreliance","Programs","IKEA Foundation",2,2024-01-20
"655","services","Programs","IKEA Foundation",2,2024-01-20
"656","shelter","Programs","IKEA Foundation",2,2024-01-20
"657","shift","Programs","IKEA Foundation",2,2024-01-20
"658","skaothe","Learnings","IKEA Foundation",2,2024-01-20
"659","small","Programs","IKEA Foundation",2,2024-01-20
"660","smallholder","Learnings","IKEA Foundation",2,2024-01-20
"661","smallholder","Programs","IKEA Foundation",2,2024-01-20
"662","solar","Learnings","IKEA Foundation",2,2024-01-20
"663","solutions","Programs","IKEA Foundation",2,2024-01-20
"664","special","Grantmaking","IKEA Foundation",2,2024-01-20
"665","status","Learnings","IKEA Foundation",2,2024-01-20
"666","strategic","Learnings","IKEA Foundation",2,2024-01-20
"667","summarised","Learnings","IKEA Foundation",2,2024-01-20
"668","supplies","Programs","IKEA Foundation",2,2024-01-20
"669","supporting","Programs","IKEA Foundation",2,2024-01-20
"670","surrounding","Programs","IKEA Foundation",2,2024-01-20
"671","sustain","Programs","IKEA Foundation",2,2024-01-20
"672","sustainable","Grantmaking","IKEA Foundation",2,2024-01-20
"673","taking","Programs","IKEA Foundation",2,2024-01-20
"674","technicians","Programs","IKEA Foundation",2,2024-01-20
"675","tender","Learnings","IKEA Foundation",2,2024-01-20
"676","tendering","Learnings","IKEA Foundation",2,2024-01-20
"677","things","Learnings","IKEA Foundation",2,2024-01-20
"678","thinks","Learnings","IKEA Foundation",2,2024-01-20
"679","thrive","Programs","IKEA Foundation",2,2024-01-20
"680","transform","Programs","IKEA Foundation",2,2024-01-20
"681","transforming","Programs","IKEA Foundation",2,2024-01-20
"682","t√ºrkiye","Programs","IKEA Foundation",2,2024-01-20
"683","undertook","Learnings","IKEA Foundation",2,2024-01-20
"684","united","Learnings","IKEA Foundation",2,2024-01-20
"685","unrestricted","Programs","IKEA Foundation",2,2024-01-20
"686","urban","Grantmaking","IKEA Foundation",2,2024-01-20
"687","vidyalaya","Programs","IKEA Foundation",2,2024-01-20
"688","wageningen","Learnings","IKEA Foundation",2,2024-01-20
"689","wellbeing","Learnings","IKEA Foundation",2,2024-01-20
"690","women","Programs","IKEA Foundation",2,2024-01-20
"691","years","Programs","IKEA Foundation",2,2024-01-20
"692","abdikadir","Programs","IKEA Foundation",1,2024-01-20
"693","accept","Grantmaking","IKEA Foundation",1,2024-01-20
"694","access","Grantmaking","IKEA Foundation",1,2024-01-20
"695","aceli","Grantmaking","IKEA Foundation",1,2024-01-20
"696","achieve","Learnings","IKEA Foundation",1,2024-01-20
"697","activities","Grantmaking","IKEA Foundation",1,2024-01-20
"698","acumen","Grantmaking","IKEA Foundation",1,2024-01-20
"699","adapt","Learnings","IKEA Foundation",1,2024-01-20
"700","adapt","Programs","IKEA Foundation",1,2024-01-20
"701","addition","Grantmaking","IKEA Foundation",1,2024-01-20
"702","additional","Learnings","IKEA Foundation",1,2024-01-20
"703","additional","Programs","IKEA Foundation",1,2024-01-20
"704","address","Learnings","IKEA Foundation",1,2024-01-20
"705","addressed","Learnings","IKEA Foundation",1,2024-01-20
"706","adelphi","Grantmaking","IKEA Foundation",1,2024-01-20
"707","advancement","Grantmaking","IKEA Foundation",1,2024-01-20
"708","advisors","Grantmaking","IKEA Foundation",1,2024-01-20
"709","advisors","Learnings","IKEA Foundation",1,2024-01-20
"710","affect","Programs","IKEA Foundation",1,2024-01-20
"711","affected","Programs","IKEA Foundation",1,2024-01-20
"712","afford","Grantmaking","IKEA Foundation",1,2024-01-20
"713","affordable","Programs","IKEA Foundation",1,2024-01-20
"714","african","Grantmaking","IKEA Foundation",1,2024-01-20
"715","afrika","Programs","IKEA Foundation",1,2024-01-20
"716","agency","Grantmaking","IKEA Foundation",1,2024-01-20
"717","agents","Programs","IKEA Foundation",1,2024-01-20
"718","agreement","Grantmaking","IKEA Foundation",1,2024-01-20
"719","agrifood","Programs","IKEA Foundation",1,2024-01-20
"720","agroecology","Grantmaking","IKEA Foundation",1,2024-01-20
"721","aimed","Learnings","IKEA Foundation",1,2024-01-20
"722","alliance","Programs","IKEA Foundation",1,2024-01-20
"723","allowed","Grantmaking","IKEA Foundation",1,2024-01-20
"724","american","Grantmaking","IKEA Foundation",1,2024-01-20
"725","amount","Programs","IKEA Foundation",1,2024-01-20
"726","amplified","Learnings","IKEA Foundation",1,2024-01-20
"727","analysis","Learnings","IKEA Foundation",1,2024-01-20
"728","annual","Grantmaking","IKEA Foundation",1,2024-01-20
"729","answer","Learnings","IKEA Foundation",1,2024-01-20
"730","answered","Learnings","IKEA Foundation",1,2024-01-20
"731","apply","Grantmaking","IKEA Foundation",1,2024-01-20
"732","approach","Learnings","IKEA Foundation",1,2024-01-20
"733","approach","Programs","IKEA Foundation",1,2024-01-20
"734","areas","Learnings","IKEA Foundation",1,2024-01-20
"735","areasbut","Programs","IKEA Foundation",1,2024-01-20
"736","arrives","Programs","IKEA Foundation",1,2024-01-20
"737","ashoka","Grantmaking","IKEA Foundation",1,2024-01-20
"738","aspect","Programs","IKEA Foundation",1,2024-01-20
"739","aspen","Grantmaking","IKEA Foundation",1,2024-01-20
"740","attention","Programs","IKEA Foundation",1,2024-01-20
"741","audience","Learnings","IKEA Foundation",1,2024-01-20
"742","august","Programs","IKEA Foundation",1,2024-01-20
"743","azraq","Programs","IKEA Foundation",1,2024-01-20
"744","balance","Programs","IKEA Foundation",1,2024-01-20
"745","bangalore","Programs","IKEA Foundation",1,2024-01-20
"746","baseline","Learnings","IKEA Foundation",1,2024-01-20
"747","basic","Programs","IKEA Foundation",1,2024-01-20
"748","bathroom","Programs","IKEA Foundation",1,2024-01-20
"749","belief","Programs","IKEA Foundation",1,2024-01-20
"750","benchmarking","Grantmaking","IKEA Foundation",1,2024-01-20
"751","benefit","Programs","IKEA Foundation",1,2024-01-20
"752","benefits","Learnings","IKEA Foundation",1,2024-01-20
"753","benefits","Programs","IKEA Foundation",1,2024-01-20
"754","bicycle","Learnings","IKEA Foundation",1,2024-01-20
"755","biggest","Learnings","IKEA Foundation",1,2024-01-20
"756","biodiversity","Grantmaking","IKEA Foundation",1,2024-01-20
"757","biodiversity","Programs","IKEA Foundation",1,2024-01-20
"758","biovision","Grantmaking","IKEA Foundation",1,2024-01-20
"759","board","Learnings","IKEA Foundation",1,2024-01-20
"760","board","Programs","IKEA Foundation",1,2024-01-20
"761","boards","Learnings","IKEA Foundation",1,2024-01-20
"762","bokolmanyo","Programs","IKEA Foundation",1,2024-01-20
"763","brand","Grantmaking","IKEA Foundation",1,2024-01-20
"764","breakthrough","Grantmaking","IKEA Foundation",1,2024-01-20
"765","breathe","Programs","IKEA Foundation",1,2024-01-20
"766","bring","Programs","IKEA Foundation",1,2024-01-20
"767","brought","Learnings","IKEA Foundation",1,2024-01-20
"768","browser","Grantmaking","IKEA Foundation",1,2024-01-20
"769","bruel","Programs","IKEA Foundation",1,2024-01-20
"770","budget","Programs","IKEA Foundation",1,2024-01-20
"771","build","Learnings","IKEA Foundation",1,2024-01-20
"772","building","Grantmaking","IKEA Foundation",1,2024-01-20
"773","buildings","Programs","IKEA Foundation",1,2024-01-20
"774","builds","Programs","IKEA Foundation",1,2024-01-20
"775","built","Learnings","IKEA Foundation",1,2024-01-20
"776","bureau","Grantmaking","IKEA Foundation",1,2024-01-20
"777","campaigns","Learnings","IKEA Foundation",1,2024-01-20
"778","camps","Learnings","IKEA Foundation",1,2024-01-20
"779","capital","Grantmaking","IKEA Foundation",1,2024-01-20
"780","capture","Learnings","IKEA Foundation",1,2024-01-20
"781","carnegie","Grantmaking","IKEA Foundation",1,2024-01-20
"782","carry","Learnings","IKEA Foundation",1,2024-01-20
"783","cdpthis","Learnings","IKEA Foundation",1,2024-01-20
"784","centerbody","Grantmaking","IKEA Foundation",1,2024-01-20
"785","central","Programs","IKEA Foundation",1,2024-01-20
"786","ceres","Learnings","IKEA Foundation",1,2024-01-20
"787","chain","Learnings","IKEA Foundation",1,2024-01-20
"788","chainone","Learnings","IKEA Foundation",1,2024-01-20
"789","challenge","Programs","IKEA Foundation",1,2024-01-20
"790","championing","Programs","IKEA Foundation",1,2024-01-20
"791","chatham","Grantmaking","IKEA Foundation",1,2024-01-20
"792","child","Grantmaking","IKEA Foundation",1,2024-01-20
"793","children","Grantmaking","IKEA Foundation",1,2024-01-20
"794","choices","Grantmaking","IKEA Foundation",1,2024-01-20
"795","chrome","Grantmaking","IKEA Foundation",1,2024-01-20
"796","circular","Programs","IKEA Foundation",1,2024-01-20
"797","cities","Programs","IKEA Foundation",1,2024-01-20
"798","claim","Programs","IKEA Foundation",1,2024-01-20
"799","clasp","Grantmaking","IKEA Foundation",1,2024-01-20
"800","clean","Grantmaking","IKEA Foundation",1,2024-01-20
"801","clean","Programs","IKEA Foundation",1,2024-01-20
"802","clima","Grantmaking","IKEA Foundation",1,2024-01-20
"803","climateworks","Grantmaking","IKEA Foundation",1,2024-01-20
"804","clinics","Programs","IKEA Foundation",1,2024-01-20
"805","closed","Grantmaking","IKEA Foundation",1,2024-01-20
"806","closely","Grantmaking","IKEA Foundation",1,2024-01-20
"807","closely","Learnings","IKEA Foundation",1,2024-01-20
"808","coalition","Grantmaking","IKEA Foundation",1,2024-01-20
"809","coalition","Programs","IKEA Foundation",1,2024-01-20
"810","coherence","Learnings","IKEA Foundation",1,2024-01-20
"811","coimpact","Grantmaking","IKEA Foundation",1,2024-01-20
"812","collaboration","Learnings","IKEA Foundation",1,2024-01-20
"813","combines","Learnings","IKEA Foundation",1,2024-01-20
"814","commitments","Learnings","IKEA Foundation",1,2024-01-20
"815","committed","Grantmaking","IKEA Foundation",1,2024-01-20
"816","commonland","Grantmaking","IKEA Foundation",1,2024-01-20
"817","communally","Programs","IKEA Foundation",1,2024-01-20
"818","compact","Learnings","IKEA Foundation",1,2024-01-20
"819","competitive","Learnings","IKEA Foundation",1,2024-01-20
"820","complement","Learnings","IKEA Foundation",1,2024-01-20
"821","complete","Grantmaking","IKEA Foundation",1,2024-01-20
"822","complex","Programs","IKEA Foundation",1,2024-01-20
"823","comprised","Programs","IKEA Foundation",1,2024-01-20
"824","concerns","Grantmaking","IKEA Foundation",1,2024-01-20
"825","conducting","Learnings","IKEA Foundation",1,2024-01-20
"826","conference","Programs","IKEA Foundation",1,2024-01-20
"827","confidence","Learnings","IKEA Foundation",1,2024-01-20
"828","conflict","Programs","IKEA Foundation",1,2024-01-20
"829","conflicts","Programs","IKEA Foundation",1,2024-01-20
"830","connected","Grantmaking","IKEA Foundation",1,2024-01-20
"831","conservation","Grantmaking","IKEA Foundation",1,2024-01-20
"832","conservation","Learnings","IKEA Foundation",1,2024-01-20
"833","consumption","Programs","IKEA Foundation",1,2024-01-20
"834","contents","Grantmaking","IKEA Foundation",1,2024-01-20
"835","context","Programs","IKEA Foundation",1,2024-01-20
"836","continue","Grantmaking","IKEA Foundation",1,2024-01-20
"837","continued","Programs","IKEA Foundation",1,2024-01-20
"838","continues","Learnings","IKEA Foundation",1,2024-01-20
"839","continues","Programs","IKEA Foundation",1,2024-01-20
"840","contracted","Learnings","IKEA Foundation",1,2024-01-20
"841","contractors","Grantmaking","IKEA Foundation",1,2024-01-20
"842","contributing","Programs","IKEA Foundation",1,2024-01-20
"843","convention","Grantmaking","IKEA Foundation",1,2024-01-20
"844","convey","Learnings","IKEA Foundation",1,2024-01-20
"845","cookie","Grantmaking","IKEA Foundation",1,2024-01-20
"846","cooperation","Programs","IKEA Foundation",1,2024-01-20
"847","cooperatives","Learnings","IKEA Foundation",1,2024-01-20
"848","corporate","Learnings","IKEA Foundation",1,2024-01-20
"849","corporation","Grantmaking","IKEA Foundation",1,2024-01-20
"850","costs","Learnings","IKEA Foundation",1,2024-01-20
"851","council","Learnings","IKEA Foundation",1,2024-01-20
"852","counselling","Learnings","IKEA Foundation",1,2024-01-20
"853","covers","Learnings","IKEA Foundation",1,2024-01-20
"854","created","Learnings","IKEA Foundation",1,2024-01-20
"855","created","Programs","IKEA Foundation",1,2024-01-20
"856","crises","Programs","IKEA Foundation",1,2024-01-20
"857","crisis","Programs","IKEA Foundation",1,2024-01-20
"858","critical","Learnings","IKEA Foundation",1,2024-01-20
"859","crucial","Learnings","IKEA Foundation",1,2024-01-20
"860","culture","Grantmaking","IKEA Foundation",1,2024-01-20
"861","customdata","Grantmaking","IKEA Foundation",1,2024-01-20
"862","damaging","Programs","IKEA Foundation",1,2024-01-20
"863","darkness","Programs","IKEA Foundation",1,2024-01-20
"864","dasgupta","Programs","IKEA Foundation",1,2024-01-20
"865","decent","Programs","IKEA Foundation",1,2024-01-20
"866","decided","Programs","IKEA Foundation",1,2024-01-20
"867","decision","Learnings","IKEA Foundation",1,2024-01-20
"868","decisions","Programs","IKEA Foundation",1,2024-01-20
"869","declined","Programs","IKEA Foundation",1,2024-01-20
"870","defaults","Grantmaking","IKEA Foundation",1,2024-01-20
"871","define","Learnings","IKEA Foundation",1,2024-01-20
"872","delay","Grantmaking","IKEA Foundation",1,2024-01-20
"873","delegate","Programs","IKEA Foundation",1,2024-01-20
"874","delivered","Learnings","IKEA Foundation",1,2024-01-20
"875","delivering","Programs","IKEA Foundation",1,2024-01-20
"876","demonstrated","Learnings","IKEA Foundation",1,2024-01-20
"877","dependent","Programs","IKEA Foundation",1,2024-01-20
"878","dependents","Grantmaking","IKEA Foundation",1,2024-01-20
"879","depleting","Programs","IKEA Foundation",1,2024-01-20
"880","deutsche","Grantmaking","IKEA Foundation",1,2024-01-20
"881","develop","Programs","IKEA Foundation",1,2024-01-20
"882","developing","Learnings","IKEA Foundation",1,2024-01-20
"883","developmentwe","Learnings","IKEA Foundation",1,2024-01-20
"884","device","Grantmaking","IKEA Foundation",1,2024-01-20
"885","dharma","Grantmaking","IKEA Foundation",1,2024-01-20
"886","difference","Programs","IKEA Foundation",1,2024-01-20
"887","difficult","Programs","IKEA Foundation",1,2024-01-20
"888","direction","Learnings","IKEA Foundation",1,2024-01-20
"889","direction","Programs","IKEA Foundation",1,2024-01-20
"890","district","Programs","IKEA Foundation",1,2024-01-20
"891","documents","Grantmaking","IKEA Foundation",1,2024-01-20
"892","dollo","Programs","IKEA Foundation",1,2024-01-20
"893","donated","Programs","IKEA Foundation",1,2024-01-20
"894","donations","Grantmaking","IKEA Foundation",1,2024-01-20
"895","donors","Programs","IKEA Foundation",1,2024-01-20
"896","drink","Programs","IKEA Foundation",1,2024-01-20
"897","drive","Learnings","IKEA Foundation",1,2024-01-20
"898","drive","Programs","IKEA Foundation",1,2024-01-20
"899","dutch","Learnings","IKEA Foundation",1,2024-01-20
"900","dynamic","Programs","IKEA Foundation",1,2024-01-20
"901","earthquake","Programs","IKEA Foundation",1,2024-01-20
"902","ecology","Grantmaking","IKEA Foundation",1,2024-01-20
"903","ecology","Programs","IKEA Foundation",1,2024-01-20
"904","economic","Grantmaking","IKEA Foundation",1,2024-01-20
"905","economies","Learnings","IKEA Foundation",1,2024-01-20
"906","economieswe","Programs","IKEA Foundation",1,2024-01-20
"907","economy","Programs","IKEA Foundation",1,2024-01-20
"908","ecosystems","Learnings","IKEA Foundation",1,2024-01-20
"909","edelgive","Grantmaking","IKEA Foundation",1,2024-01-20
"910","effective","Learnings","IKEA Foundation",1,2024-01-20
"911","effective","Programs","IKEA Foundation",1,2024-01-20
"912","effects","Learnings","IKEA Foundation",1,2024-01-20
"913","efficient","Programs","IKEA Foundation",1,2024-01-20
"914","efficiently","Programs","IKEA Foundation",1,2024-01-20
"915","efforts","Programs","IKEA Foundation",1,2024-01-20
"916","embrace","Learnings","IKEA Foundation",1,2024-01-20
"917","emissions","Grantmaking","IKEA Foundation",1,2024-01-20
"918","employment","Grantmaking","IKEA Foundation",1,2024-01-20
"919","employment","Learnings","IKEA Foundation",1,2024-01-20
"920","enables","Grantmaking","IKEA Foundation",1,2024-01-20
"921","endanger","Grantmaking","IKEA Foundation",1,2024-01-20
"922","endev","Programs","IKEA Foundation",1,2024-01-20
"923","energy","Learnings","IKEA Foundation",1,2024-01-20
"924","engaged","Learnings","IKEA Foundation",1,2024-01-20
"925","engagement","Grantmaking","IKEA Foundation",1,2024-01-20
"926","enhance","Grantmaking","IKEA Foundation",1,2024-01-20
"927","enjoy","Programs","IKEA Foundation",1,2024-01-20
"928","enterprise","Grantmaking","IKEA Foundation",1,2024-01-20
"929","environment","Programs","IKEA Foundation",1,2024-01-20
"930","enviu","Grantmaking","IKEA Foundation",1,2024-01-20
"931","enviu","Programs","IKEA Foundation",1,2024-01-20
"932","equitable","Programs","IKEA Foundation",1,2024-01-20
"933","essence","Programs","IKEA Foundation",1,2024-01-20
"934","essential","Grantmaking","IKEA Foundation",1,2024-01-20
"935","essential","Programs","IKEA Foundation",1,2024-01-20
"936","estimated","Programs","IKEA Foundation",1,2024-01-20
"937","ethiopia","Grantmaking","IKEA Foundation",1,2024-01-20
"938","ethiopia","Programs","IKEA Foundation",1,2024-01-20
"939","european","Programs","IKEA Foundation",1,2024-01-20
"940","evaluate","Learnings","IKEA Foundation",1,2024-01-20
"941","evaluated","Learnings","IKEA Foundation",1,2024-01-20
"942","evaluations","Grantmaking","IKEA Foundation",1,2024-01-20
"943","everyday","Grantmaking","IKEA Foundation",1,2024-01-20
"944","evolved","Learnings","IKEA Foundation",1,2024-01-20
"945","examined","Learnings","IKEA Foundation",1,2024-01-20
"946","exceeds","Grantmaking","IKEA Foundation",1,2024-01-20
"947","exchange","Grantmaking","IKEA Foundation",1,2024-01-20
"948","expected","Learnings","IKEA Foundation",1,2024-01-20
"949","expedite","Programs","IKEA Foundation",1,2024-01-20
"950","expenditures","Programs","IKEA Foundation",1,2024-01-20
"951","experiencing","Programs","IKEA Foundation",1,2024-01-20
"952","experts","Programs","IKEA Foundation",1,2024-01-20
"953","exploitation","Programs","IKEA Foundation",1,2024-01-20
"954","exploitative","Programs","IKEA Foundation",1,2024-01-20
"955","explored","Learnings","IKEA Foundation",1,2024-01-20
"956","exploring","Programs","IKEA Foundation",1,2024-01-20
"957","extent","Learnings","IKEA Foundation",1,2024-01-20
"958","extreme","Programs","IKEA Foundation",1,2024-01-20
"959","faces","Programs","IKEA Foundation",1,2024-01-20
"960","factors","Learnings","IKEA Foundation",1,2024-01-20
"961","facts","Grantmaking","IKEA Foundation",1,2024-01-20
"962","failures","Learnings","IKEA Foundation",1,2024-01-20
"963","falseelse","Grantmaking","IKEA Foundation",1,2024-01-20
"964","families","Grantmaking","IKEA Foundation",1,2024-01-20
"965","farms","Programs","IKEA Foundation",1,2024-01-20
"966","ffffontfamily","Grantmaking","IKEA Foundation",1,2024-01-20
"967","field","Programs","IKEA Foundation",1,2024-01-20
"968","fight","Grantmaking","IKEA Foundation",1,2024-01-20
"969","fighting","Programs","IKEA Foundation",1,2024-01-20
"970","files","Grantmaking","IKEA Foundation",1,2024-01-20
"971","final","Learnings","IKEA Foundation",1,2024-01-20
"972","finance","Grantmaking","IKEA Foundation",1,2024-01-20
"973","financewe","Learnings","IKEA Foundation",1,2024-01-20
"974","financial","Learnings","IKEA Foundation",1,2024-01-20
"975","finished","Learnings","IKEA Foundation",1,2024-01-20
"976","fitforpurpose","Learnings","IKEA Foundation",1,2024-01-20
"977","flexbody","Grantmaking","IKEA Foundation",1,2024-01-20
"978","focused","Learnings","IKEA Foundation",1,2024-01-20
"979","focusing","Learnings","IKEA Foundation",1,2024-01-20
"980","forced","Grantmaking","IKEA Foundation",1,2024-01-20
"981","forced","Learnings","IKEA Foundation",1,2024-01-20
"982","foreseen","Programs","IKEA Foundation",1,2024-01-20
"983","forest","Programs","IKEA Foundation",1,2024-01-20
"984","forgotten","Programs","IKEA Foundation",1,2024-01-20
"985","formcontent","Grantmaking","IKEA Foundation",1,2024-01-20
"986","forum","Programs","IKEA Foundation",1,2024-01-20
"987","found","Grantmaking","IKEA Foundation",1,2024-01-20
"988","framework","Grantmaking","IKEA Foundation",1,2024-01-20
"989","friendly","Grantmaking","IKEA Foundation",1,2024-01-20
"990","friendly","Programs","IKEA Foundation",1,2024-01-20
"991","friends","Grantmaking","IKEA Foundation",1,2024-01-20
"992","front","Programs","IKEA Foundation",1,2024-01-20
"993","fronti√®res","Grantmaking","IKEA Foundation",1,2024-01-20
"994","fronti√®res","Programs","IKEA Foundation",1,2024-01-20
"995","funders","Grantmaking","IKEA Foundation",1,2024-01-20
"996","funding","Grantmaking","IKEA Foundation",1,2024-01-20
"997","furthering","Programs","IKEA Foundation",1,2024-01-20
"998","future","Grantmaking","IKEA Foundation",1,2024-01-20
"999","gapminder","Grantmaking","IKEA Foundation",1,2024-01-20
"1000","generation","Grantmaking","IKEA Foundation",1,2024-01-20
"1001","generations","Programs","IKEA Foundation",1,2024-01-20
"1002","generators","Programs","IKEA Foundation",1,2024-01-20
"1003","gesellschaft","Grantmaking","IKEA Foundation",1,2024-01-20
"1004","gettime","Grantmaking","IKEA Foundation",1,2024-01-20
"1005","gfglobal","Grantmaking","IKEA Foundation",1,2024-01-20
"1006","gflegacy","Grantmaking","IKEA Foundation",1,2024-01-20
"1007","gflegacymulti","Grantmaking","IKEA Foundation",1,2024-01-20
"1008","givedirectly","Grantmaking","IKEA Foundation",1,2024-01-20
"1009","glimmer","Grantmaking","IKEA Foundation",1,2024-01-20
"1010","governance","Grantmaking","IKEA Foundation",1,2024-01-20
"1011","grants","Programs","IKEA Foundation",1,2024-01-20
"1012","great","Programs","IKEA Foundation",1,2024-01-20
"1013","gridbody","Grantmaking","IKEA Foundation",1,2024-01-20
"1014","grids","Programs","IKEA Foundation",1,2024-01-20
"1015","groups","Learnings","IKEA Foundation",1,2024-01-20
"1016","grows","Programs","IKEA Foundation",1,2024-01-20
"1017","growth","Learnings","IKEA Foundation",1,2024-01-20
"1018","guaranteed","Programs","IKEA Foundation",1,2024-01-20
"1019","gujarat","Programs","IKEA Foundation",1,2024-01-20
"1020","handweaving","Programs","IKEA Foundation",1,2024-01-20
"1021","happen","Learnings","IKEA Foundation",1,2024-01-20
"1022","happen","Programs","IKEA Foundation",1,2024-01-20
"1023","health","Grantmaking","IKEA Foundation",1,2024-01-20
"1024","healthy","Programs","IKEA Foundation",1,2024-01-20
"1025","heart","Grantmaking","IKEA Foundation",1,2024-01-20
"1026","heavily","Learnings","IKEA Foundation",1,2024-01-20
"1027","helps","Grantmaking","IKEA Foundation",1,2024-01-20
"1028","historic","Programs","IKEA Foundation",1,2024-01-20
"1029","history","Learnings","IKEA Foundation",1,2024-01-20
"1030","homes","Programs","IKEA Foundation",1,2024-01-20
"1031","house","Grantmaking","IKEA Foundation",1,2024-01-20
"1032","human","Programs","IKEA Foundation",1,2024-01-20
"1033","humanitarian","Grantmaking","IKEA Foundation",1,2024-01-20
"1034","hygiene","Programs","IKEA Foundation",1,2024-01-20
"1035","ideas","Programs","IKEA Foundation",1,2024-01-20
"1036","iftypeof","Grantmaking","IKEA Foundation",1,2024-01-20
"1037","illustrate","Learnings","IKEA Foundation",1,2024-01-20
"1038","immediately","Programs","IKEA Foundation",1,2024-01-20
"1039","inaugurated","Programs","IKEA Foundation",1,2024-01-20
"1040","include","Programs","IKEA Foundation",1,2024-01-20
"1041","includes","Grantmaking","IKEA Foundation",1,2024-01-20
"1042","includes","Programs","IKEA Foundation",1,2024-01-20
"1043","income","Learnings","IKEA Foundation",1,2024-01-20
"1044","income","Programs","IKEA Foundation",1,2024-01-20
"1045","incomes","Programs","IKEA Foundation",1,2024-01-20
"1046","increased","Learnings","IKEA Foundation",1,2024-01-20
"1047","increasing","Learnings","IKEA Foundation",1,2024-01-20
"1048","increasing","Programs","IKEA Foundation",1,2024-01-20
"1049","incredible","Programs","IKEA Foundation",1,2024-01-20
"1050","incubator","Grantmaking","IKEA Foundation",1,2024-01-20
"1051","india","Grantmaking","IKEA Foundation",1,2024-01-20
"1052","indonesia","Grantmaking","IKEA Foundation",1,2024-01-20
"1053","inequalities","Programs","IKEA Foundation",1,2024-01-20
"1054","influencemap","Grantmaking","IKEA Foundation",1,2024-01-20
"1055","informs","Learnings","IKEA Foundation",1,2024-01-20
"1056","inherit","Grantmaking","IKEA Foundation",1,2024-01-20
"1057","inhibiting","Learnings","IKEA Foundation",1,2024-01-20
"1058","initiatives","Learnings","IKEA Foundation",1,2024-01-20
"1059","inkomoko","Grantmaking","IKEA Foundation",1,2024-01-20
"1060","innovations","Grantmaking","IKEA Foundation",1,2024-01-20
"1061","innovators","Programs","IKEA Foundation",1,2024-01-20
"1062","insect","Grantmaking","IKEA Foundation",1,2024-01-20
"1063","inside","Grantmaking","IKEA Foundation",1,2024-01-20
"1064","install","Programs","IKEA Foundation",1,2024-01-20
"1065","institute","Learnings","IKEA Foundation",1,2024-01-20
"1066","institute","Programs","IKEA Foundation",1,2024-01-20
"1067","institutions","Learnings","IKEA Foundation",1,2024-01-20
"1068","instituto","Grantmaking","IKEA Foundation",1,2024-01-20
"1069","integrity","Learnings","IKEA Foundation",1,2024-01-20
"1070","intention","Learnings","IKEA Foundation",1,2024-01-20
"1071","internally","Programs","IKEA Foundation",1,2024-01-20
"1072","international","Programs","IKEA Foundation",1,2024-01-20
"1073","internet","Programs","IKEA Foundation",1,2024-01-20
"1074","intervention","Learnings","IKEA Foundation",1,2024-01-20
"1075","interventions","Programs","IKEA Foundation",1,2024-01-20
"1076","interviews","Learnings","IKEA Foundation",1,2024-01-20
"1077","invest","Programs","IKEA Foundation",1,2024-01-20
"1078","investment","Grantmaking","IKEA Foundation",1,2024-01-20
"1079","investmentthe","Learnings","IKEA Foundation",1,2024-01-20
"1080","involved","Learnings","IKEA Foundation",1,2024-01-20
"1081","involving","Learnings","IKEA Foundation",1,2024-01-20
"1082","isform","Grantmaking","IKEA Foundation",1,2024-01-20
"1083","islayoutflex","Grantmaking","IKEA Foundation",1,2024-01-20
"1084","islayoutgrid","Grantmaking","IKEA Foundation",1,2024-01-20
"1085","islegacy","Grantmaking","IKEA Foundation",1,2024-01-20
"1086","ispostback","Grantmaking","IKEA Foundation",1,2024-01-20
"1087","issue","Programs","IKEA Foundation",1,2024-01-20
"1088","jordan","Programs","IKEA Foundation",1,2024-01-20
"1089","justice","Grantmaking","IKEA Foundation",1,2024-01-20
"1090","kepler","Grantmaking","IKEA Foundation",1,2024-01-20
"1091","khaloom","Programs","IKEA Foundation",1,2024-01-20
"1092","kilimo","Grantmaking","IKEA Foundation",1,2024-01-20
"1093","kruis","Grantmaking","IKEA Foundation",1,2024-01-20
"1094","large","Programs","IKEA Foundation",1,2024-01-20
"1095","latest","Grantmaking","IKEA Foundation",1,2024-01-20
"1096","latest","Learnings","IKEA Foundation",1,2024-01-20
"1097","launch","Programs","IKEA Foundation",1,2024-01-20
"1098","launches","Programs","IKEA Foundation",1,2024-01-20
"1099","leaders","Learnings","IKEA Foundation",1,2024-01-20
"1100","leaders","Programs","IKEA Foundation",1,2024-01-20
"1101","leadership","Grantmaking","IKEA Foundation",1,2024-01-20
"1102","leaving","Programs","IKEA Foundation",1,2024-01-20
"1103","level","Learnings","IKEA Foundation",1,2024-01-20
"1104","lifesaving","Programs","IKEA Foundation",1,2024-01-20
"1105","lighter","Programs","IKEA Foundation",1,2024-01-20
"1106","livelihood","Programs","IKEA Foundation",1,2024-01-20
"1107","livestock","Learnings","IKEA Foundation",1,2024-01-20
"1108","localised","Programs","IKEA Foundation",1,2024-01-20
"1109","locations","Programs","IKEA Foundation",1,2024-01-20
"1110","logic","Grantmaking","IKEA Foundation",1,2024-01-20
"1111","longer","Programs","IKEA Foundation",1,2024-01-20
"1112","looked","Learnings","IKEA Foundation",1,2024-01-20
"1113","maintain","Programs","IKEA Foundation",1,2024-01-20
"1114","major","Programs","IKEA Foundation",1,2024-01-20
"1115","makes","Learnings","IKEA Foundation",1,2024-01-20
"1116","makes","Programs","IKEA Foundation",1,2024-01-20
"1117","manage","Programs","IKEA Foundation",1,2024-01-20
"1118","managed","Programs","IKEA Foundation",1,2024-01-20
"1119","marcelo","Programs","IKEA Foundation",1,2024-01-20
"1120","march","Learnings","IKEA Foundation",1,2024-01-20
"1121","marketing","Grantmaking","IKEA Foundation",1,2024-01-20
"1122","markets","Learnings","IKEA Foundation",1,2024-01-20
"1123","maximise","Learnings","IKEA Foundation",1,2024-01-20
"1124","mayors","Grantmaking","IKEA Foundation",1,2024-01-20
"1125","meaningful","Programs","IKEA Foundation",1,2024-01-20
"1126","means","Programs","IKEA Foundation",1,2024-01-20
"1127","measures","Grantmaking","IKEA Foundation",1,2024-01-20
"1128","medicines","Programs","IKEA Foundation",1,2024-01-20
"1129","members","Learnings","IKEA Foundation",1,2024-01-20
"1130","members","Programs","IKEA Foundation",1,2024-01-20
"1131","message","Learnings","IKEA Foundation",1,2024-01-20
"1132","metaphors","Learnings","IKEA Foundation",1,2024-01-20
"1133","methane","Grantmaking","IKEA Foundation",1,2024-01-20
"1134","methane","Programs","IKEA Foundation",1,2024-01-20
"1135","methods","Programs","IKEA Foundation",1,2024-01-20
"1136","middle","Programs","IKEA Foundation",1,2024-01-20
"1137","migration","Grantmaking","IKEA Foundation",1,2024-01-20
"1138","milliseconds","Grantmaking","IKEA Foundation",1,2024-01-20
"1139","mindset","Learnings","IKEA Foundation",1,2024-01-20
"1140","minimise","Programs","IKEA Foundation",1,2024-01-20
"1141","misconduct","Grantmaking","IKEA Foundation",1,2024-01-20
"1142","mission","Programs","IKEA Foundation",1,2024-01-20
"1143","mixed","Learnings","IKEA Foundation",1,2024-01-20
"1144","mlinda","Grantmaking","IKEA Foundation",1,2024-01-20
"1145","models","Learnings","IKEA Foundation",1,2024-01-20
"1146","models","Programs","IKEA Foundation",1,2024-01-20
"1147","modern","Programs","IKEA Foundation",1,2024-01-20
"1148","mohamed","Programs","IKEA Foundation",1,2024-01-20
"1149","moment","Learnings","IKEA Foundation",1,2024-01-20
"1150","money","Programs","IKEA Foundation",1,2024-01-20
"1151","monthly","Grantmaking","IKEA Foundation",1,2024-01-20
"1152","mountaineer","Learnings","IKEA Foundation",1,2024-01-20
"1153","movement","Grantmaking","IKEA Foundation",1,2024-01-20
"1154","moving","Programs","IKEA Foundation",1,2024-01-20
"1155","msfnorthwest","Programs","IKEA Foundation",1,2024-01-20
"1156","museum","Grantmaking","IKEA Foundation",1,2024-01-20
"1157","m√©decins","Grantmaking","IKEA Foundation",1,2024-01-20
"1158","m√©decins","Programs","IKEA Foundation",1,2024-01-20
"1159","narmada","Programs","IKEA Foundation",1,2024-01-20
"1160","nations","Programs","IKEA Foundation",1,2024-01-20
"1161","nature","Grantmaking","IKEA Foundation",1,2024-01-20
"1162","nature","Learnings","IKEA Foundation",1,2024-01-20
"1163","nederlandse","Grantmaking","IKEA Foundation",1,2024-01-20
"1164","needed","Programs","IKEA Foundation",1,2024-01-20
"1165","needsour","Programs","IKEA Foundation",1,2024-01-20
"1166","network","Grantmaking","IKEA Foundation",1,2024-01-20
"1167","network","Learnings","IKEA Foundation",1,2024-01-20
"1168","newclimate","Grantmaking","IKEA Foundation",1,2024-01-20
"1169","nexus","Grantmaking","IKEA Foundation",1,2024-01-20
"1170","nonprofit","Learnings","IKEA Foundation",1,2024-01-20
"1171","nonprofit","Programs","IKEA Foundation",1,2024-01-20
"1172","northern","Programs","IKEA Foundation",1,2024-01-20
"1173","northwest","Programs","IKEA Foundation",1,2024-01-20
"1174","norwegian","Grantmaking","IKEA Foundation",1,2024-01-20
"1175","novib","Grantmaking","IKEA Foundation",1,2024-01-20
"1176","numbers","Programs","IKEA Foundation",1,2024-01-20
"1177","nutrients","Programs","IKEA Foundation",1,2024-01-20
"1178","nutritious","Programs","IKEA Foundation",1,2024-01-20
"1179","nyaruai","Programs","IKEA Foundation",1,2024-01-20
"1180","nyungu","Programs","IKEA Foundation",1,2024-01-20
"1181","objectives","Learnings","IKEA Foundation",1,2024-01-20
"1182","october","Programs","IKEA Foundation",1,2024-01-20
"1183","offered","Grantmaking","IKEA Foundation",1,2024-01-20
"1184","offers","Learnings","IKEA Foundation",1,2024-01-20
"1185","office","Grantmaking","IKEA Foundation",1,2024-01-20
"1186","officially","Programs","IKEA Foundation",1,2024-01-20
"1187","oldest","Grantmaking","IKEA Foundation",1,2024-01-20
"1188","ongoing","Grantmaking","IKEA Foundation",1,2024-01-20
"1189","operating","Learnings","IKEA Foundation",1,2024-01-20
"1190","opportunity","Programs","IKEA Foundation",1,2024-01-20
"1191","optimism","Grantmaking","IKEA Foundation",1,2024-01-20
"1192","option","Learnings","IKEA Foundation",1,2024-01-20
"1193","options","Learnings","IKEA Foundation",1,2024-01-20
"1194","order","Learnings","IKEA Foundation",1,2024-01-20
"1195","orientation","Learnings","IKEA Foundation",1,2024-01-20
"1196","othersbti","Learnings","IKEA Foundation",1,2024-01-20
"1197","outcomes","Learnings","IKEA Foundation",1,2024-01-20
"1198","outrage","Grantmaking","IKEA Foundation",1,2024-01-20
"1199","outreach","Grantmaking","IKEA Foundation",1,2024-01-20
"1200","overseas","Grantmaking","IKEA Foundation",1,2024-01-20
"1201","oxfam","Grantmaking","IKEA Foundation",1,2024-01-20
"1202","oxford","Grantmaking","IKEA Foundation",1,2024-01-20
"1203","package","Learnings","IKEA Foundation",1,2024-01-20
"1204","pandemic","Learnings","IKEA Foundation",1,2024-01-20
"1205","pandemic","Programs","IKEA Foundation",1,2024-01-20
"1206","paris","Programs","IKEA Foundation",1,2024-01-20
"1207","partnership","Learnings","IKEA Foundation",1,2024-01-20
"1208","parts","Grantmaking","IKEA Foundation",1,2024-01-20
"1209","pathways","Programs","IKEA Foundation",1,2024-01-20
"1210","paying","Programs","IKEA Foundation",1,2024-01-20
"1211","pension","Learnings","IKEA Foundation",1,2024-01-20
"1212","persecution","Programs","IKEA Foundation",1,2024-01-20
"1213","persons","Programs","IKEA Foundation",1,2024-01-20
"1214","phases","Learnings","IKEA Foundation",1,2024-01-20
"1215","philanthropic","Learnings","IKEA Foundation",1,2024-01-20
"1216","philanthropic","Programs","IKEA Foundation",1,2024-01-20
"1217","phone","Learnings","IKEA Foundation",1,2024-01-20
"1218","photo","Programs","IKEA Foundation",1,2024-01-20
"1219","physiology","Grantmaking","IKEA Foundation",1,2024-01-20
"1220","placeholders","Grantmaking","IKEA Foundation",1,2024-01-20
"1221","placement","Learnings","IKEA Foundation",1,2024-01-20
"1222","planting","Programs","IKEA Foundation",1,2024-01-20
"1223","pluraln","Grantmaking","IKEA Foundation",1,2024-01-20
"1224","pointing","Programs","IKEA Foundation",1,2024-01-20
"1225","popular","Grantmaking","IKEA Foundation",1,2024-01-20
"1226","population","Programs","IKEA Foundation",1,2024-01-20
"1227","portfolio","Grantmaking","IKEA Foundation",1,2024-01-20
"1228","positive","Learnings","IKEA Foundation",1,2024-01-20
"1229","posted","Learnings","IKEA Foundation",1,2024-01-20
"1230","potential","Programs","IKEA Foundation",1,2024-01-20
"1231","poverty","Grantmaking","IKEA Foundation",1,2024-01-20
"1232","power","Grantmaking","IKEA Foundation",1,2024-01-20
"1233","powering","Programs","IKEA Foundation",1,2024-01-20
"1234","practical","Grantmaking","IKEA Foundation",1,2024-01-20
"1235","practice","Learnings","IKEA Foundation",1,2024-01-20
"1236","practices","Programs","IKEA Foundation",1,2024-01-20
"1237","pradan","Grantmaking","IKEA Foundation",1,2024-01-20
"1238","preferences","Grantmaking","IKEA Foundation",1,2024-01-20
"1239","prepare","Programs","IKEA Foundation",1,2024-01-20
"1240","presented","Learnings","IKEA Foundation",1,2024-01-20
"1241","press","Grantmaking","IKEA Foundation",1,2024-01-20
"1242","pressing","Programs","IKEA Foundation",1,2024-01-20
"1243","pressure","Programs","IKEA Foundation",1,2024-01-20
"1244","pretty","Programs","IKEA Foundation",1,2024-01-20
"1245","previous","Learnings","IKEA Foundation",1,2024-01-20
"1246","prince","Learnings","IKEA Foundation",1,2024-01-20
"1247","private","Grantmaking","IKEA Foundation",1,2024-01-20
"1248","problem","Grantmaking","IKEA Foundation",1,2024-01-20
"1249","problems","Programs","IKEA Foundation",1,2024-01-20
"1250","process","Grantmaking","IKEA Foundation",1,2024-01-20
"1251","procurement","Grantmaking","IKEA Foundation",1,2024-01-20
"1252","produce","Programs","IKEA Foundation",1,2024-01-20
"1253","produces","Programs","IKEA Foundation",1,2024-01-20
"1254","production","Programs","IKEA Foundation",1,2024-01-20
"1255","productive","Programs","IKEA Foundation",1,2024-01-20
"1256","products","Programs","IKEA Foundation",1,2024-01-20
"1257","professions","Programs","IKEA Foundation",1,2024-01-20
"1258","profitable","Programs","IKEA Foundation",1,2024-01-20
"1259","programme","Grantmaking","IKEA Foundation",1,2024-01-20
"1260","programmes","Grantmaking","IKEA Foundation",1,2024-01-20
"1261","programming","Learnings","IKEA Foundation",1,2024-01-20
"1262","progressively","Programs","IKEA Foundation",1,2024-01-20
"1263","promising","Learnings","IKEA Foundation",1,2024-01-20
"1264","protectionwe","Programs","IKEA Foundation",1,2024-01-20
"1265","protects","Programs","IKEA Foundation",1,2024-01-20
"1266","protracted","Grantmaking","IKEA Foundation",1,2024-01-20
"1267","provide","Grantmaking","IKEA Foundation",1,2024-01-20
"1268","provided","Learnings","IKEA Foundation",1,2024-01-20
"1269","provider","Learnings","IKEA Foundation",1,2024-01-20
"1270","providing","Learnings","IKEA Foundation",1,2024-01-20
"1271","publication","Grantmaking","IKEA Foundation",1,2024-01-20
"1272","quarter","Learnings","IKEA Foundation",1,2024-01-20
"1273","quicker","Programs","IKEA Foundation",1,2024-01-20
"1274","radio","Grantmaking","IKEA Foundation",1,2024-01-20
"1275","rainforest","Grantmaking","IKEA Foundation",1,2024-01-20
"1276","react","Programs","IKEA Foundation",1,2024-01-20
"1277","rebuild","Programs","IKEA Foundation",1,2024-01-20
"1278","receives","Programs","IKEA Foundation",1,2024-01-20
"1279","recycled","Programs","IKEA Foundation",1,2024-01-20
"1280","reducing","Learnings","IKEA Foundation",1,2024-01-20
"1281","reduction","Grantmaking","IKEA Foundation",1,2024-01-20
"1282","reductions","Learnings","IKEA Foundation",1,2024-01-20
"1283","reductions","Programs","IKEA Foundation",1,2024-01-20
"1284","refresh","Learnings","IKEA Foundation",1,2024-01-20
"1285","refuge","Programs","IKEA Foundation",1,2024-01-20
"1286","refugeeswe","Programs","IKEA Foundation",1,2024-01-20
"1287","regenerative","Programs","IKEA Foundation",1,2024-01-20
"1288","regions","Learnings","IKEA Foundation",1,2024-01-20
"1289","reject","Grantmaking","IKEA Foundation",1,2024-01-20
"1290","relate","Learnings","IKEA Foundation",1,2024-01-20
"1291","related","Learnings","IKEA Foundation",1,2024-01-20
"1292","relating","Learnings","IKEA Foundation",1,2024-01-20
"1293","relied","Learnings","IKEA Foundation",1,2024-01-20
"1294","remain","Programs","IKEA Foundation",1,2024-01-20
"1295","remember","Programs","IKEA Foundation",1,2024-01-20
"1296","remote","Learnings","IKEA Foundation",1,2024-01-20
"1297","renewable","Grantmaking","IKEA Foundation",1,2024-01-20
"1298","renewable","Learnings","IKEA Foundation",1,2024-01-20
"1299","renewables","Programs","IKEA Foundation",1,2024-01-20
"1300","ren√©e","Programs","IKEA Foundation",1,2024-01-20
"1301","repair","Programs","IKEA Foundation",1,2024-01-20
"1302","replacing","Programs","IKEA Foundation",1,2024-01-20
"1303","report","Grantmaking","IKEA Foundation",1,2024-01-20
"1304","reported","Learnings","IKEA Foundation",1,2024-01-20
"1305","reports","Grantmaking","IKEA Foundation",1,2024-01-20
"1306","represented","Grantmaking","IKEA Foundation",1,2024-01-20
"1307","rescue","Grantmaking","IKEA Foundation",1,2024-01-20
"1308","resilience","Programs","IKEA Foundation",1,2024-01-20
"1309","resilient","Programs","IKEA Foundation",1,2024-01-20
"1310","resource","Learnings","IKEA Foundation",1,2024-01-20
"1311","resources","Learnings","IKEA Foundation",1,2024-01-20
"1312","resourcing","Learnings","IKEA Foundation",1,2024-01-20
"1313","respond","Learnings","IKEA Foundation",1,2024-01-20
"1314","responding","Programs","IKEA Foundation",1,2024-01-20
"1315","response","Grantmaking","IKEA Foundation",1,2024-01-20
"1316","responsible","Learnings","IKEA Foundation",1,2024-01-20
"1317","restorative","Programs","IKEA Foundation",1,2024-01-20
"1318","restore","Programs","IKEA Foundation",1,2024-01-20
"1319","reverse","Programs","IKEA Foundation",1,2024-01-20
"1320","review","Grantmaking","IKEA Foundation",1,2024-01-20
"1321","reviews","Learnings","IKEA Foundation",1,2024-01-20
"1322","revolution","Programs","IKEA Foundation",1,2024-01-20
"1323","rising","Programs","IKEA Foundation",1,2024-01-20
"1324","rockefeller","Grantmaking","IKEA Foundation",1,2024-01-20
"1325","rural","Grantmaking","IKEA Foundation",1,2024-01-20
"1326","safer","Programs","IKEA Foundation",1,2024-01-20
"1327","safety","Programs","IKEA Foundation",1,2024-01-20
"1328","sagai","Programs","IKEA Foundation",1,2024-01-20
"1329","salaried","Programs","IKEA Foundation",1,2024-01-20
"1330","sample","Learnings","IKEA Foundation",1,2024-01-20
"1331","saved","Grantmaking","IKEA Foundation",1,2024-01-20
"1332","saving","Grantmaking","IKEA Foundation",1,2024-01-20
"1333","sbiajaxurl","Grantmaking","IKEA Foundation",1,2024-01-20
"1334","sbtis","Learnings","IKEA Foundation",1,2024-01-20
"1335","scalablethe","Learnings","IKEA Foundation",1,2024-01-20
"1336","scalethis","Learnings","IKEA Foundation",1,2024-01-20
"1337","scaling","Programs","IKEA Foundation",1,2024-01-20
"1338","scene","Programs","IKEA Foundation",1,2024-01-20
"1339","scheme","Learnings","IKEA Foundation",1,2024-01-20
"1340","schools","Learnings","IKEA Foundation",1,2024-01-20
"1341","schools","Programs","IKEA Foundation",1,2024-01-20
"1342","sciencebased","Learnings","IKEA Foundation",1,2024-01-20
"1343","scientific","Programs","IKEA Foundation",1,2024-01-20
"1344","scriptrn","Grantmaking","IKEA Foundation",1,2024-01-20
"1345","sector","Grantmaking","IKEA Foundation",1,2024-01-20
"1346","sector","Programs","IKEA Foundation",1,2024-01-20
"1347","security","Grantmaking","IKEA Foundation",1,2024-01-20
"1348","seeds","Grantmaking","IKEA Foundation",1,2024-01-20
"1349","selco","Grantmaking","IKEA Foundation",1,2024-01-20
"1350","select","Programs","IKEA Foundation",1,2024-01-20
"1351","selection","Learnings","IKEA Foundation",1,2024-01-20
"1352","service","Grantmaking","IKEA Foundation",1,2024-01-20
"1353","services","Grantmaking","IKEA Foundation",1,2024-01-20
"1354","setattribute","Grantmaking","IKEA Foundation",1,2024-01-20
"1355","settingthe","Learnings","IKEA Foundation",1,2024-01-20
"1356","shaping","Learnings","IKEA Foundation",1,2024-01-20
"1357","share","Programs","IKEA Foundation",1,2024-01-20
"1358","shareaction","Grantmaking","IKEA Foundation",1,2024-01-20
"1359","sharing","Programs","IKEA Foundation",1,2024-01-20
"1360","shelter","Grantmaking","IKEA Foundation",1,2024-01-20
"1361","shelters","Programs","IKEA Foundation",1,2024-01-20
"1362","showed","Learnings","IKEA Foundation",1,2024-01-20
"1363","showing","Grantmaking","IKEA Foundation",1,2024-01-20
"1364","sides","Programs","IKEA Foundation",1,2024-01-20
"1365","signing","Grantmaking","IKEA Foundation",1,2024-01-20
"1366","situational","Learnings","IKEA Foundation",1,2024-01-20
"1367","skilling","Learnings","IKEA Foundation",1,2024-01-20
"1368","skills","Learnings","IKEA Foundation",1,2024-01-20
"1369","smallest","Learnings","IKEA Foundation",1,2024-01-20
"1370","smart","Learnings","IKEA Foundation",1,2024-01-20
"1371","smith","Grantmaking","IKEA Foundation",1,2024-01-20
"1372","sociedade","Grantmaking","IKEA Foundation",1,2024-01-20
"1373","society","Grantmaking","IKEA Foundation",1,2024-01-20
"1374","somalia","Programs","IKEA Foundation",1,2024-01-20
"1375","sources","Programs","IKEA Foundation",1,2024-01-20
"1376","spark","Grantmaking","IKEA Foundation",1,2024-01-20
"1377","stakeholder","Learnings","IKEA Foundation",1,2024-01-20
"1378","stakeholders","Grantmaking","IKEA Foundation",1,2024-01-20
"1379","stalls","Learnings","IKEA Foundation",1,2024-01-20
"1380","stands","Programs","IKEA Foundation",1,2024-01-20
"1381","start","Grantmaking","IKEA Foundation",1,2024-01-20
"1382","start","Programs","IKEA Foundation",1,2024-01-20
"1383","starting","Learnings","IKEA Foundation",1,2024-01-20
"1384","steering","Grantmaking","IKEA Foundation",1,2024-01-20
"1385","stepping","Programs","IKEA Foundation",1,2024-01-20
"1386","stock","Learnings","IKEA Foundation",1,2024-01-20
"1387","stockholm","Grantmaking","IKEA Foundation",1,2024-01-20
"1388","store","Programs","IKEA Foundation",1,2024-01-20
"1389","stories","Grantmaking","IKEA Foundation",1,2024-01-20
"1390","strategies","Learnings","IKEA Foundation",1,2024-01-20
"1391","strengthen","Learnings","IKEA Foundation",1,2024-01-20
"1392","strikes","Programs","IKEA Foundation",1,2024-01-20
"1393","student","Learnings","IKEA Foundation",1,2024-01-20
"1394","study","Learnings","IKEA Foundation",1,2024-01-20
"1395","subsaharan","Programs","IKEA Foundation",1,2024-01-20
"1396","subsequent","Programs","IKEA Foundation",1,2024-01-20
"1397","success","Programs","IKEA Foundation",1,2024-01-20
"1398","suffering","Programs","IKEA Foundation",1,2024-01-20
"1399","sunfunder","Grantmaking","IKEA Foundation",1,2024-01-20
"1400","superpower","Programs","IKEA Foundation",1,2024-01-20
"1401","supply","Learnings","IKEA Foundation",1,2024-01-20
"1402","supported","Programs","IKEA Foundation",1,2024-01-20
"1403","supporting","Grantmaking","IKEA Foundation",1,2024-01-20
"1404","supporting","Learnings","IKEA Foundation",1,2024-01-20
"1405","survey","Learnings","IKEA Foundation",1,2024-01-20
"1406","sustain","Grantmaking","IKEA Foundation",1,2024-01-20
"1407","swedish","Programs","IKEA Foundation",1,2024-01-20
"1408","syrian","Programs","IKEA Foundation",1,2024-01-20
"1409","systemsalong","Programs","IKEA Foundation",1,2024-01-20
"1410","target","Learnings","IKEA Foundation",1,2024-01-20
"1411","targets","Programs","IKEA Foundation",1,2024-01-20
"1412","technoserve","Grantmaking","IKEA Foundation",1,2024-01-20
"1413","temperatures","Programs","IKEA Foundation",1,2024-01-20
"1414","terms","Grantmaking","IKEA Foundation",1,2024-01-20
"1415","testing","Programs","IKEA Foundation",1,2024-01-20
"1416","thematic","Grantmaking","IKEA Foundation",1,2024-01-20
"1417","themes","Grantmaking","IKEA Foundation",1,2024-01-20
"1418","things","Grantmaking","IKEA Foundation",1,2024-01-20
"1419","things","Programs","IKEA Foundation",1,2024-01-20
"1420","thinks","Programs","IKEA Foundation",1,2024-01-20
"1421","thousands","Programs","IKEA Foundation",1,2024-01-20
"1422","threads","Programs","IKEA Foundation",1,2024-01-20
"1423","threaten","Programs","IKEA Foundation",1,2024-01-20
"1424","timely","Programs","IKEA Foundation",1,2024-01-20
"1425","today","Programs","IKEA Foundation",1,2024-01-20
"1426","tracks","Grantmaking","IKEA Foundation",1,2024-01-20
"1427","trade","Grantmaking","IKEA Foundation",1,2024-01-20
"1428","traditional","Learnings","IKEA Foundation",1,2024-01-20
"1429","traffic","Grantmaking","IKEA Foundation",1,2024-01-20
"1430","trained","Programs","IKEA Foundation",1,2024-01-20
"1431","transformed","Learnings","IKEA Foundation",1,2024-01-20
"1432","translations","Grantmaking","IKEA Foundation",1,2024-01-20
"1433","transparency","Grantmaking","IKEA Foundation",1,2024-01-20
"1434","transparency","Learnings","IKEA Foundation",1,2024-01-20
"1435","transparent","Grantmaking","IKEA Foundation",1,2024-01-20
"1436","trees","Programs","IKEA Foundation",1,2024-01-20
"1437","tremendous","Programs","IKEA Foundation",1,2024-01-20
"1438","turnover","Learnings","IKEA Foundation",1,2024-01-20
"1439","uganda","Grantmaking","IKEA Foundation",1,2024-01-20
"1440","ukraine","Programs","IKEA Foundation",1,2024-01-20
"1441","unable","Learnings","IKEA Foundation",1,2024-01-20
"1442","undefined","Grantmaking","IKEA Foundation",1,2024-01-20
"1443","understand","Learnings","IKEA Foundation",1,2024-01-20
"1444","understand","Programs","IKEA Foundation",1,2024-01-20
"1445","undesirable","Learnings","IKEA Foundation",1,2024-01-20
"1446","unemployment","Programs","IKEA Foundation",1,2024-01-20
"1447","unfccc","Grantmaking","IKEA Foundation",1,2024-01-20
"1448","unfolding","Programs","IKEA Foundation",1,2024-01-20
"1449","unicef","Grantmaking","IKEA Foundation",1,2024-01-20
"1450","union","Grantmaking","IKEA Foundation",1,2024-01-20
"1451","unitar","Grantmaking","IKEA Foundation",1,2024-01-20
"1452","unite","Programs","IKEA Foundation",1,2024-01-20
"1453","united","Programs","IKEA Foundation",1,2024-01-20
"1454","universities","Learnings","IKEA Foundation",1,2024-01-20
"1455","university","Grantmaking","IKEA Foundation",1,2024-01-20
"1456","unlock","Programs","IKEA Foundation",1,2024-01-20
"1457","unproven","Learnings","IKEA Foundation",1,2024-01-20
"1458","unseen","Programs","IKEA Foundation",1,2024-01-20
"1459","unsustainable","Programs","IKEA Foundation",1,2024-01-20
"1460","updated","Grantmaking","IKEA Foundation",1,2024-01-20
"1461","uploading","Grantmaking","IKEA Foundation",1,2024-01-20
"1462","urban","Programs","IKEA Foundation",1,2024-01-20
"1463","urges","Programs","IKEA Foundation",1,2024-01-20
"1464","ursus","Learnings","IKEA Foundation",1,2024-01-20
"1465","vacancies","Grantmaking","IKEA Foundation",1,2024-01-20
"1466","validation","Learnings","IKEA Foundation",1,2024-01-20
"1467","vegetable","Grantmaking","IKEA Foundation",1,2024-01-20
"1468","vibrant","Programs","IKEA Foundation",1,2024-01-20
"1469","vienna","Programs","IKEA Foundation",1,2024-01-20
"1470","village","Programs","IKEA Foundation",1,2024-01-20
"1471","visitors","Grantmaking","IKEA Foundation",1,2024-01-20
"1472","visits","Grantmaking","IKEA Foundation",1,2024-01-20
"1473","vogdprcfront","Grantmaking","IKEA Foundation",1,2024-01-20
"1474","wageningen","Grantmaking","IKEA Foundation",1,2024-01-20
"1475","walking","Programs","IKEA Foundation",1,2024-01-20
"1476","wanted","Learnings","IKEA Foundation",1,2024-01-20
"1477","waste","Grantmaking","IKEA Foundation",1,2024-01-20
"1478","wasteat","Programs","IKEA Foundation",1,2024-01-20
"1479","water","Grantmaking","IKEA Foundation",1,2024-01-20
"1480","wealth","Programs","IKEA Foundation",1,2024-01-20
"1481","weather","Programs","IKEA Foundation",1,2024-01-20
"1482","weavers","Programs","IKEA Foundation",1,2024-01-20
"1483","wider","Learnings","IKEA Foundation",1,2024-01-20
"1484","worked","Learnings","IKEA Foundation",1,2024-01-20
"1485","workers","Grantmaking","IKEA Foundation",1,2024-01-20
"1486","workforcethe","Learnings","IKEA Foundation",1,2024-01-20
"1487","working","Learnings","IKEA Foundation",1,2024-01-20
"1488","works","Programs","IKEA Foundation",1,2024-01-20
"1489","youth","Grantmaking","IKEA Foundation",1,2024-01-20
"1490","yunus","Grantmaking","IKEA Foundation",1,2024-01-20
